ticker,trade_date,expiry,dte,strike,mid,bid,ask,spot,volume,iv,rate,div_yield
SPY,2026-05-25,2026-05-26,1,525.0,221.01999999999998,219.62,222.42,745.6400146484375,7,1.701173369140625,0.04,0.013
SPY,2026-05-25,2026-05-26,1,580.0,166.025,164.62,167.43,745.6400146484375,0,1.2675817871093749,0.04,0.013
SPY,2026-05-25,2026-05-26,1,600.0,146.02499999999998,144.63,147.42,745.6400146484375,1,1.1167036352539061,0.04,0.013
SPY,2026-05-25,2026-05-26,1,620.0,126.03999999999999,124.63,127.45,745.6400146484375,1,0.9741213525390625,0.04,0.013
SPY,2026-05-25,2026-05-26,1,640.0,106.035,104.63,107.44,745.6400146484375,0,0.8261736132812498,0.04,0.013
SPY,2026-05-25,2026-05-26,1,645.0,101.03,99.63,102.43,745.6400146484375,0,0.788088056640625,0.04,0.013
SPY,2026-05-25,2026-05-26,1,650.0,96.035,94.64,97.43,745.6400146484375,0,0.7539087109375,0.04,0.013
SPY,2026-05-25,2026-05-26,1,655.0,91.05,89.64,92.46,745.6400146484375,2,0.7221707470703125,0.04,0.013
SPY,2026-05-25,2026-05-26,1,660.0,86.05,84.64,87.46,745.6400146484375,10,0.6860382958984376,0.04,0.013
SPY,2026-05-25,2026-05-26,1,670.0,76.03999999999999,74.64,77.44,745.6400146484375,19,0.6113320117187502,0.04,0.013
SPY,2026-05-25,2026-05-26,1,675.0,71.06,69.65,72.47,745.6400146484375,5,0.5800823242187501,0.04,0.013
SPY,2026-05-25,2026-05-26,1,680.0,66.055,64.65,67.46,745.6400146484375,6,0.5424850439453126,0.04,0.013
SPY,2026-05-25,2026-05-26,1,685.0,61.055,59.66,62.45,745.6400146484375,27,0.5063525927734375,0.04,0.013
SPY,2026-05-25,2026-05-26,1,690.0,56.06,54.66,57.46,745.6400146484375,65,0.646365841064453,0.04,0.013
SPY,2026-05-25,2026-05-26,1,691.0,55.065,53.66,56.47,745.6400146484375,0,0.6381872119140625,0.04,0.013
SPY,2026-05-25,2026-05-26,1,692.0,54.065,52.66,55.47,745.6400146484375,1,0.6291540991210938,0.04,0.013
SPY,2026-05-25,2026-05-26,1,693.0,53.045,51.66,54.43,745.6400146484375,1,0.6164589135742189,0.04,0.013
SPY,2026-05-25,2026-05-26,1,694.0,52.065,50.67,53.46,745.6400146484375,1,0.6099892517089844,0.04,0.013
SPY,2026-05-25,2026-05-26,1,695.0,51.065,49.67,52.46,745.6400146484375,5,0.6008340698242189,0.04,0.013
SPY,2026-05-25,2026-05-26,1,696.0,50.08,48.67,51.49,745.6400146484375,0,0.5943644079589845,0.04,0.013
SPY,2026-05-25,2026-05-26,1,697.0,49.075,47.67,50.48,745.6400146484375,5,0.5843547424316407,0.04,0.013
SPY,2026-05-25,2026-05-26,1,698.0,48.075,46.67,49.48,745.6400146484375,4,0.5751995605468749,0.04,0.013
SPY,2026-05-25,2026-05-26,1,700.0,46.07,44.67,47.47,745.6400146484375,212,0.5559126440429689,0.04,0.013
SPY,2026-05-25,2026-05-26,1,701.0,45.075,43.68,46.47,745.6400146484375,1,0.5467574621582032,0.04,0.013
SPY,2026-05-25,2026-05-26,1,702.0,44.085,42.68,45.49,745.6400146484375,5,0.5390671093750001,0.04,0.013
SPY,2026-05-25,2026-05-26,1,703.0,43.09,41.68,44.5,745.6400146484375,2,0.5306443420410156,0.04,0.013
SPY,2026-05-25,2026-05-26,1,704.0,42.085,40.68,43.49,745.6400146484375,3,0.5205126074218749,0.04,0.013
SPY,2026-05-25,2026-05-26,1,705.0,41.085,39.68,42.49,745.6400146484375,10,0.5112353564453125,0.04,0.013
SPY,2026-05-25,2026-05-26,1,706.0,40.084999999999994,38.69,41.48,745.6400146484375,7,0.501103621826172,0.04,0.013
SPY,2026-05-25,2026-05-26,1,707.0,39.084999999999994,37.69,40.48,745.6400146484375,1,0.49170430175781255,0.04,0.013
SPY,2026-05-25,2026-05-26,1,708.0,38.09,36.69,39.49,745.6400146484375,6,0.4831594653320313,0.04,0.013
SPY,2026-05-25,2026-05-26,1,709.0,37.095,35.69,38.5,745.6400146484375,1,0.47437049072265625,0.04,0.013
SPY,2026-05-25,2026-05-26,1,710.0,36.09,34.69,37.49,745.6400146484375,14,0.4642387561035156,0.04,0.013
SPY,2026-05-25,2026-05-26,1,711.0,35.095,33.7,36.49,745.6400146484375,1,0.4547173669433594,0.04,0.013
SPY,2026-05-25,2026-05-26,1,712.0,34.105000000000004,32.7,35.51,745.6400146484375,1,0.4466608068847656,0.04,0.013
SPY,2026-05-25,2026-05-26,1,713.0,32.895,31.95,33.84,745.6400146484375,1,0.38477177734374995,0.04,0.013
SPY,2026-05-25,2026-05-26,1,714.0,32.105000000000004,30.71,33.5,745.6400146484375,20,0.42676354492187507,0.04,0.013
SPY,2026-05-25,2026-05-26,1,715.0,31.105,30.36,31.85,745.6400146484375,126,0.3676821044921875,0.04,0.013
SPY,2026-05-25,2026-05-26,1,716.0,29.91,28.96,30.86,745.6400146484375,2,0.35962554443359374,0.04,0.013
SPY,2026-05-25,2026-05-26,1,717.0,28.915,27.97,29.86,745.6400146484375,5,0.3505924316406249,0.04,0.013
SPY,2026-05-25,2026-05-26,1,718.0,27.91,26.96,28.86,745.6400146484375,7,0.3415593188476562,0.04,0.013
SPY,2026-05-25,2026-05-26,1,719.0,26.92,25.97,27.87,745.6400146484375,39,0.3332586206054688,0.04,0.013
SPY,2026-05-25,2026-05-26,1,720.0,25.924999999999997,24.97,26.88,745.6400146484375,721,0.32471378417968744,0.04,0.013
SPY,2026-05-25,2026-05-26,1,721.0,24.85,23.98,25.72,745.6400146484375,75,0.30322962402343745,0.04,0.013
SPY,2026-05-25,2026-05-26,1,722.0,23.939999999999998,22.98,24.9,745.6400146484375,10,0.30774618041992186,0.04,0.013
SPY,2026-05-25,2026-05-26,1,723.0,22.955,22.0,23.91,745.6400146484375,3,0.2990792749023437,0.04,0.013
SPY,2026-05-25,2026-05-26,1,724.0,21.92,21.0,22.84,745.6400146484375,76,0.2846751220703124,0.04,0.013
SPY,2026-05-25,2026-05-26,1,725.0,20.98,20.45,21.51,745.6400146484375,338,0.25049577636718745,0.04,0.013
SPY,2026-05-25,2026-05-26,1,726.0,19.78,19.04,20.52,745.6400146484375,1445,0.24231714721679687,0.04,0.013
SPY,2026-05-25,2026-05-26,1,727.0,19.08,18.71,19.45,745.6400146484375,3375,0.22779092529296874,0.04,0.013
SPY,2026-05-25,2026-05-26,1,728.0,18.15,17.54,18.76,745.6400146484375,2671,0.24134059448242187,0.04,0.013
SPY,2026-05-25,2026-05-26,1,729.0,17.09,16.23,17.95,745.6400146484375,1662,0.24414818359375,0.04,0.013
SPY,2026-05-25,2026-05-26,1,730.0,16.12,15.62,16.62,745.6400146484375,1054,0.21289849609375,0.04,0.013
SPY,2026-05-25,2026-05-26,1,731.0,15.075,14.59,15.56,745.6400146484375,6,0.1992267578125,0.04,0.013
SPY,2026-05-25,2026-05-26,1,732.0,14.155,13.7,14.61,745.6400146484375,832,0.19312330322265625,0.04,0.013
SPY,2026-05-25,2026-05-26,1,733.0,13.275,12.91,13.64,745.6400146484375,396,0.18531088134765622,0.04,0.013
SPY,2026-05-25,2026-05-26,1,734.0,12.350000000000001,12.06,12.64,745.6400146484375,692,0.17542328491210937,0.04,0.013
SPY,2026-05-25,2026-05-26,1,735.0,11.535,11.36,11.71,745.6400146484375,2522,0.1694418994140625,0.04,0.013
SPY,2026-05-25,2026-05-26,1,736.0,10.69,10.62,10.76,745.6400146484375,818,0.16187361572265624,0.04,0.013
SPY,2026-05-25,2026-05-26,1,737.0,9.785,9.72,9.85,745.6400146484375,425,0.15613636840820314,0.04,0.013
SPY,2026-05-25,2026-05-26,1,738.0,8.895,8.83,8.96,745.6400146484375,1260,0.1506432592773438,0.04,0.013
SPY,2026-05-25,2026-05-26,1,739.0,8.025,7.96,8.09,745.6400146484375,2785,0.14539428833007811,0.04,0.013
SPY,2026-05-25,2026-05-26,1,740.0,7.175000000000001,7.11,7.24,745.6400146484375,1884,0.14020635192871095,0.04,0.013
SPY,2026-05-25,2026-05-26,1,741.0,6.355,6.29,6.42,745.6400146484375,1655,0.13538462280273442,0.04,0.013
SPY,2026-05-25,2026-05-26,1,742.0,5.5600000000000005,5.5,5.62,745.6400146484375,3397,0.13019668640136717,0.04,0.013
SPY,2026-05-25,2026-05-26,1,743.0,4.8100000000000005,4.75,4.87,745.6400146484375,3906,0.1258021990966797,0.04,0.013
SPY,2026-05-25,2026-05-26,1,744.0,4.09,4.04,4.14,745.6400146484375,6680,0.12079736633300782,0.04,0.013
SPY,2026-05-25,2026-05-26,1,745.0,3.425,3.38,3.47,745.6400146484375,18072,0.11646391357421876,0.04,0.013
SPY,2026-05-25,2026-05-26,1,746.0,2.835,2.83,2.84,745.6400146484375,32510,0.11182528808593749,0.04,0.013
SPY,2026-05-25,2026-05-26,1,747.0,2.315,2.3,2.33,745.6400146484375,60149,0.10962804443359375,0.04,0.013
SPY,2026-05-25,2026-05-26,1,748.0,1.85,1.84,1.86,745.6400146484375,59362,0.1069425244140625,0.04,0.013
SPY,2026-05-25,2026-05-26,1,749.0,1.4449999999999998,1.44,1.45,745.6400146484375,29986,0.10419596984863279,0.04,0.013
SPY,2026-05-25,2026-05-26,1,750.0,1.12,1.11,1.13,745.6400146484375,65468,0.10291424438476562,0.04,0.013
SPY,2026-05-25,2026-05-26,1,751.0,0.855,0.85,0.86,745.6400146484375,17750,0.10151044982910155,0.04,0.013
SPY,2026-05-25,2026-05-26,1,752.0,0.64,0.63,0.65,745.6400146484375,17384,0.10071700073242187,0.04,0.013
SPY,2026-05-25,2026-05-26,1,753.0,0.475,0.47,0.48,745.6400146484375,12133,0.09986251708984376,0.04,0.013
SPY,2026-05-25,2026-05-26,1,754.0,0.355,0.35,0.36,745.6400146484375,12563,0.1001066552734375,0.04,0.013
SPY,2026-05-25,2026-05-26,1,755.0,0.265,0.26,0.27,745.6400146484375,19919,0.100594931640625,0.04,0.013
SPY,2026-05-25,2026-05-26,1,756.0,0.20500000000000002,0.2,0.21,745.6400146484375,8406,0.10230389892578123,0.04,0.013
SPY,2026-05-25,2026-05-26,1,757.0,0.155,0.15,0.16,745.6400146484375,7737,0.10352458984374999,0.04,0.013
SPY,2026-05-25,2026-05-26,1,758.0,0.125,0.12,0.13,745.6400146484375,8072,0.10621010986328125,0.04,0.013
SPY,2026-05-25,2026-05-26,1,759.0,0.10500000000000001,0.1,0.11,745.6400146484375,10698,0.10938390625,0.04,0.013
SPY,2026-05-25,2026-05-26,1,760.0,0.095,0.09,0.1,745.6400146484375,14995,0.11426666992187501,0.04,0.013
SPY,2026-05-25,2026-05-26,1,761.0,0.07500000000000001,0.07,0.08,745.6400146484375,3121,0.116219775390625,0.04,0.013
SPY,2026-05-25,2026-05-26,1,762.0,0.065,0.06,0.07,745.6400146484375,4468,0.11963770996093749,0.04,0.013
SPY,2026-05-25,2026-05-26,1,763.0,0.055,0.05,0.06,745.6400146484375,927,0.12305564453125001,0.04,0.013
SPY,2026-05-25,2026-05-26,1,764.0,0.055,0.05,0.06,745.6400146484375,3490,0.1289149609375,0.04,0.013
SPY,2026-05-25,2026-05-26,1,765.0,0.045,0.04,0.05,745.6400146484375,1669,0.1313563427734375,0.04,0.013
SPY,2026-05-25,2026-05-26,1,766.0,0.045,0.04,0.05,745.6400146484375,1446,0.13672738281250002,0.04,0.013
SPY,2026-05-25,2026-05-26,1,767.0,0.035,0.03,0.04,745.6400146484375,1342,0.13868048828125001,0.04,0.013
SPY,2026-05-25,2026-05-26,1,768.0,0.035,0.03,0.04,745.6400146484375,1217,0.143563251953125,0.04,0.013
SPY,2026-05-25,2026-05-26,1,769.0,0.035,0.03,0.04,745.6400146484375,754,0.149422568359375,0.04,0.013
SPY,2026-05-25,2026-05-26,1,770.0,0.025,0.02,0.03,745.6400146484375,1156,0.149422568359375,0.04,0.013
SPY,2026-05-25,2026-05-26,1,771.0,0.025,0.02,0.03,745.6400146484375,773,0.15430533203125002,0.04,0.013
SPY,2026-05-25,2026-05-26,1,772.0,0.025,0.02,0.03,745.6400146484375,84,0.1601646484375,0.04,0.013
SPY,2026-05-25,2026-05-26,1,773.0,0.025,0.02,0.03,745.6400146484375,408,0.165047412109375,0.04,0.013
SPY,2026-05-25,2026-05-26,1,774.0,0.025,0.02,0.03,745.6400146484375,375,0.16993017578125003,0.04,0.013
SPY,2026-05-25,2026-05-26,1,775.0,0.025,0.02,0.03,745.6400146484375,148,0.1757894921875,0.04,0.013
SPY,2026-05-25,2026-05-26,1,780.0,0.015,0.01,0.02,745.6400146484375,787,0.1914143359375,0.04,0.013
SPY,2026-05-25,2026-05-26,1,785.0,0.015,0.01,0.02,745.6400146484375,689,0.2148516015625,0.04,0.013
SPY,2026-05-25,2026-05-26,1,790.0,0.01,0.0,0.01,745.6400146484375,9,0.22266402343749997,0.04,0.013
SPY,2026-05-25,2026-05-26,1,795.0,0.01,0.0,0.01,745.6400146484375,693,0.2461012890625,0.04,0.013
SPY,2026-05-25,2026-05-26,1,800.0,0.01,0.0,0.01,745.6400146484375,10,0.26563234375,0.04,0.013
SPY,2026-05-25,2026-05-26,1,805.0,0.01,0.0,0.01,745.6400146484375,26,0.2890696093749999,0.04,0.013
SPY,2026-05-25,2026-05-26,1,810.0,0.01,0.0,0.01,745.6400146484375,6,0.3086006640625,0.04,0.013
SPY,2026-05-25,2026-05-26,1,815.0,0.02,0.0,0.01,745.6400146484375,18,0.32813171874999997,0.04,0.013
SPY,2026-05-25,2026-05-26,1,820.0,0.01,0.0,0.01,745.6400146484375,0,0.35156898437499995,0.04,0.013
SPY,2026-05-25,2026-05-26,1,825.0,0.01,0.0,0.01,745.6400146484375,22,0.3711000390625,0.04,0.013
SPY,2026-05-25,2026-05-26,1,830.0,0.01,0.0,0.01,745.6400146484375,2,0.39063109375,0.04,0.013
SPY,2026-05-25,2026-05-26,1,835.0,0.01,0.0,0.01,745.6400146484375,0,0.414068359375,0.04,0.013
SPY,2026-05-25,2026-05-26,1,840.0,0.01,0.0,0.01,745.6400146484375,14,0.42969320312500003,0.04,0.013
SPY,2026-05-25,2026-05-27,1,505.0,241.075,239.68,242.47,745.6400146484375,0,1.6474627001953124,0.04,0.013
SPY,2026-05-25,2026-05-27,1,595.0,151.07999999999998,149.7,152.46,745.6400146484375,0,1.0190478735351562,0.04,0.013
SPY,2026-05-25,2026-05-27,1,645.0,101.11500000000001,99.72,102.51,745.6400146484375,0,0.7041045214843751,0.04,0.013
SPY,2026-05-25,2026-05-27,1,650.0,96.13,94.72,97.54,745.6400146484375,1,0.6757844921875001,0.04,0.013
SPY,2026-05-25,2026-05-27,1,660.0,86.14,84.73,87.55,745.6400146484375,1,0.6137733935546876,0.04,0.013
SPY,2026-05-25,2026-05-27,1,665.0,81.13,79.73,82.53,745.6400146484375,1,0.5795940478515625,0.04,0.013
SPY,2026-05-25,2026-05-27,1,670.0,76.15,74.74,77.56,745.6400146484375,1,0.5515181567382813,0.04,0.013
SPY,2026-05-25,2026-05-27,1,675.0,71.14,69.74,72.54,745.6400146484375,0,0.51758294921875,0.04,0.013
SPY,2026-05-25,2026-05-27,1,680.0,66.16,64.75,67.57,745.6400146484375,1,0.6472203247070312,0.04,0.013
SPY,2026-05-25,2026-05-27,1,685.0,61.15,59.75,62.55,745.6400146484375,0,0.6062051098632814,0.04,0.013
SPY,2026-05-25,2026-05-27,1,690.0,56.16,54.76,57.56,745.6400146484375,2,0.5676312768554688,0.04,0.013
SPY,2026-05-25,2026-05-27,1,692.0,54.16,52.76,55.56,745.6400146484375,6,0.551762294921875,0.04,0.013
SPY,2026-05-25,2026-05-27,1,693.0,53.18000000000001,51.77,54.59,745.6400146484375,0,0.5461471166992189,0.04,0.013
SPY,2026-05-25,2026-05-27,1,694.0,52.17,50.77,53.57,745.6400146484375,1,0.5366257275390626,0.04,0.013
SPY,2026-05-25,2026-05-27,1,695.0,51.17,49.77,52.57,745.6400146484375,0,0.5286912365722658,0.04,0.013
SPY,2026-05-25,2026-05-27,1,698.0,48.19,46.78,49.6,745.6400146484375,2,0.506840869140625,0.04,0.013
SPY,2026-05-25,2026-05-27,1,699.0,47.18,45.78,48.58,745.6400146484375,1,0.4974415490722657,0.04,0.013
SPY,2026-05-25,2026-05-27,1,700.0,46.18,44.78,47.58,745.6400146484375,20,0.489384989013672,0.04,0.013
SPY,2026-05-25,2026-05-27,1,701.0,45.2,43.79,46.61,745.6400146484375,0,0.48340360351562506,0.04,0.013
SPY,2026-05-25,2026-05-27,1,702.0,44.19,42.79,45.59,745.6400146484375,19,0.4738822143554688,0.04,0.013
SPY,2026-05-25,2026-05-27,1,703.0,43.19,41.79,44.59,745.6400146484375,0,0.46582565429687506,0.04,0.013
SPY,2026-05-25,2026-05-27,1,704.0,42.209999999999994,40.8,43.62,745.6400146484375,1,0.45972219970703126,0.04,0.013
SPY,2026-05-25,2026-05-27,1,705.0,41.2,39.8,42.6,745.6400146484375,12,0.450200810546875,0.04,0.013
SPY,2026-05-25,2026-05-27,1,706.0,40.22,38.81,41.63,745.6400146484375,0,0.44397528686523435,0.04,0.013
SPY,2026-05-25,2026-05-27,1,707.0,39.21,37.81,40.61,745.6400146484375,1,0.43445389770507814,0.04,0.013
SPY,2026-05-25,2026-05-27,1,708.0,38.230000000000004,36.82,39.64,745.6400146484375,1,0.4282283740234375,0.04,0.013
SPY,2026-05-25,2026-05-27,1,709.0,37.22,35.82,38.62,745.6400146484375,0,0.4185849157714844,0.04,0.013
SPY,2026-05-25,2026-05-27,1,710.0,36.235,34.83,37.64,745.6400146484375,4,0.4116269775390625,0.04,0.013
SPY,2026-05-25,2026-05-27,1,711.0,35.239999999999995,33.83,36.65,745.6400146484375,0,0.4039366247558594,0.04,0.013
SPY,2026-05-25,2026-05-27,1,712.0,34.24,32.85,35.63,745.6400146484375,2,0.3942931665039063,0.04,0.013
SPY,2026-05-25,2026-05-27,1,713.0,33.25,31.86,34.64,745.6400146484375,2,0.3864807446289062,0.04,0.013
SPY,2026-05-25,2026-05-27,1,714.0,32.254999999999995,30.86,33.65,745.6400146484375,0,0.3786683227539062,0.04,0.013
SPY,2026-05-25,2026-05-27,1,715.0,31.269999999999996,29.88,32.66,745.6400146484375,86,0.37085590087890624,0.04,0.013
SPY,2026-05-25,2026-05-27,1,716.0,30.28,28.89,31.67,745.6400146484375,10,0.3629214099121094,0.04,0.013
SPY,2026-05-25,2026-05-27,1,717.0,29.305,27.9,30.71,745.6400146484375,1634,0.3566348516845703,0.04,0.013
SPY,2026-05-25,2026-05-27,1,718.0,28.25,27.97,28.53,745.6400146484375,2133,0.27149166015625,0.04,0.013
SPY,2026-05-25,2026-05-27,1,719.0,27.225,26.9,27.55,745.6400146484375,3133,0.2655102746582031,0.04,0.013
SPY,2026-05-25,2026-05-27,1,720.0,26.245,25.92,26.57,745.6400146484375,9140,0.25952888916015626,0.04,0.013
SPY,2026-05-25,2026-05-27,1,721.0,25.259999999999998,24.94,25.58,745.6400146484375,2870,0.25269302001953126,0.04,0.013
SPY,2026-05-25,2026-05-27,1,722.0,24.285,23.96,24.61,745.6400146484375,2307,0.247077841796875,0.04,0.013
SPY,2026-05-25,2026-05-27,1,723.0,23.305,22.98,23.63,745.6400146484375,5236,0.24073024902343748,0.04,0.013
SPY,2026-05-25,2026-05-27,1,724.0,22.335,22.01,22.66,745.6400146484375,2468,0.23499300170898438,0.04,0.013
SPY,2026-05-25,2026-05-27,1,725.0,21.365000000000002,21.04,21.69,745.6400146484375,3431,0.22901161621093752,0.04,0.013
SPY,2026-05-25,2026-05-27,1,726.0,20.4,20.08,20.72,745.6400146484375,3296,0.22290816162109373,0.04,0.013
SPY,2026-05-25,2026-05-27,1,727.0,19.48,19.2,19.76,745.6400146484375,6098,0.2172929833984375,0.04,0.013
SPY,2026-05-25,2026-05-27,1,728.0,18.515,18.23,18.8,745.6400146484375,397,0.21143366699218746,0.04,0.013
SPY,2026-05-25,2026-05-27,1,729.0,17.549999999999997,17.27,17.83,745.6400146484375,3972,0.20471986694335934,0.04,0.013
SPY,2026-05-25,2026-05-27,1,730.0,16.58,16.26,16.9,745.6400146484375,3927,0.20014227600097656,0.04,0.013
SPY,2026-05-25,2026-05-27,1,731.0,15.685,15.41,15.96,745.6400146484375,321,0.1947102014160156,0.04,0.013
SPY,2026-05-25,2026-05-27,1,732.0,14.71,14.41,15.01,745.6400146484375,225,0.18842364318847654,0.04,0.013
SPY,2026-05-25,2026-05-27,1,733.0,13.835,13.58,14.09,745.6400146484375,34,0.18335777587890623,0.04,0.013
SPY,2026-05-25,2026-05-27,1,734.0,12.899999999999999,12.62,13.18,745.6400146484375,47,0.1783529431152344,0.04,0.013
SPY,2026-05-25,2026-05-27,1,735.0,12.035,11.81,12.26,745.6400146484375,57,0.1724936267089844,0.04,0.013
SPY,2026-05-25,2026-05-27,1,736.0,11.115,10.88,11.35,745.6400146484375,360,0.1667563793945313,0.04,0.013
SPY,2026-05-25,2026-05-27,1,737.0,10.254999999999999,10.03,10.48,745.6400146484375,297,0.16217878845214845,0.04,0.013
SPY,2026-05-25,2026-05-27,1,738.0,9.39,9.19,9.59,745.6400146484375,127,0.1562584375,0.04,0.013
SPY,2026-05-25,2026-05-27,1,739.0,8.61,8.42,8.8,745.6400146484375,97,0.15357291748046875,0.04,0.013
SPY,2026-05-25,2026-05-27,1,740.0,7.785,7.58,7.99,745.6400146484375,437,0.14936153381347655,0.04,0.013
SPY,2026-05-25,2026-05-27,1,741.0,7.02,6.88,7.16,745.6400146484375,243,0.14368532104492188,0.04,0.013
SPY,2026-05-25,2026-05-27,1,742.0,6.26,6.16,6.36,745.6400146484375,394,0.13831428100585938,0.04,0.013
SPY,2026-05-25,2026-05-27,1,743.0,5.545,5.45,5.64,745.6400146484375,758,0.13471324279785157,0.04,0.013
SPY,2026-05-25,2026-05-27,1,744.0,4.859999999999999,4.76,4.96,745.6400146484375,1164,0.13141737731933595,0.04,0.013
SPY,2026-05-25,2026-05-27,1,745.0,4.23,4.16,4.3,745.6400146484375,3590,0.12757220092773439,0.04,0.013
SPY,2026-05-25,2026-05-27,1,746.0,3.665,3.65,3.68,745.6400146484375,5877,0.12384909362792969,0.04,0.013
SPY,2026-05-25,2026-05-27,1,747.0,3.115,3.1,3.13,745.6400146484375,12176,0.12098046997070314,0.04,0.013
SPY,2026-05-25,2026-05-27,1,748.0,2.62,2.61,2.63,745.6400146484375,9580,0.11829494995117187,0.04,0.013
SPY,2026-05-25,2026-05-27,1,749.0,2.1799999999999997,2.17,2.19,745.6400146484375,4219,0.11615874084472656,0.04,0.013
SPY,2026-05-25,2026-05-27,1,750.0,1.79,1.78,1.8,745.6400146484375,8587,0.11408356628417969,0.04,0.013
SPY,2026-05-25,2026-05-27,1,751.0,1.455,1.44,1.47,745.6400146484375,3352,0.11261873718261718,0.04,0.013
SPY,2026-05-25,2026-05-27,1,752.0,1.165,1.15,1.18,745.6400146484375,5591,0.1110318389892578,0.04,0.013
SPY,2026-05-25,2026-05-27,1,753.0,0.92,0.91,0.93,745.6400146484375,1440,0.10938390625,0.04,0.013
SPY,2026-05-25,2026-05-27,1,754.0,0.72,0.71,0.73,745.6400146484375,2104,0.10828528442382812,0.04,0.013
SPY,2026-05-25,2026-05-27,1,755.0,0.555,0.55,0.56,745.6400146484375,2948,0.1069425244140625,0.04,0.013
SPY,2026-05-25,2026-05-27,1,756.0,0.43,0.42,0.44,745.6400146484375,4829,0.10682045532226564,0.04,0.013
SPY,2026-05-25,2026-05-27,1,757.0,0.325,0.32,0.33,745.6400146484375,1618,0.10584390258789061,0.04,0.013
SPY,2026-05-25,2026-05-27,1,758.0,0.25,0.24,0.26,745.6400146484375,2066,0.106454248046875,0.04,0.013
SPY,2026-05-25,2026-05-27,1,759.0,0.195,0.19,0.2,745.6400146484375,947,0.10669838623046876,0.04,0.013
SPY,2026-05-25,2026-05-27,1,760.0,0.155,0.15,0.16,745.6400146484375,2291,0.1079190771484375,0.04,0.013
SPY,2026-05-25,2026-05-27,1,761.0,0.125,0.12,0.13,745.6400146484375,956,0.10938390625,0.04,0.013
SPY,2026-05-25,2026-05-27,1,762.0,0.10500000000000001,0.1,0.11,745.6400146484375,861,0.11182528808593749,0.04,0.013
SPY,2026-05-25,2026-05-27,1,763.0,0.08499999999999999,0.08,0.09,745.6400146484375,1180,0.11353425537109374,0.04,0.013
SPY,2026-05-25,2026-05-27,1,764.0,0.07500000000000001,0.07,0.08,745.6400146484375,2637,0.1167080517578125,0.04,0.013
SPY,2026-05-25,2026-05-27,1,765.0,0.065,0.06,0.07,745.6400146484375,1648,0.11963770996093749,0.04,0.013
SPY,2026-05-25,2026-05-27,1,766.0,0.055,0.05,0.06,745.6400146484375,260,0.1215908154296875,0.04,0.013
SPY,2026-05-25,2026-05-27,1,767.0,0.055,0.05,0.06,745.6400146484375,396,0.12696185546875,0.04,0.013
SPY,2026-05-25,2026-05-27,1,768.0,0.045,0.04,0.05,745.6400146484375,340,0.12842668457031248,0.04,0.013
SPY,2026-05-25,2026-05-27,1,769.0,0.045,0.04,0.05,745.6400146484375,227,0.1333094482421875,0.04,0.013
SPY,2026-05-25,2026-05-27,1,770.0,0.035,0.03,0.04,745.6400146484375,1988,0.133797724609375,0.04,0.013
SPY,2026-05-25,2026-05-27,1,771.0,0.035,0.03,0.04,745.6400146484375,229,0.13868048828125001,0.04,0.013
SPY,2026-05-25,2026-05-27,1,772.0,0.035,0.03,0.04,745.6400146484375,9,0.143563251953125,0.04,0.013
SPY,2026-05-25,2026-05-27,1,773.0,0.025,0.02,0.03,745.6400146484375,62,0.14258669921875,0.04,0.013
SPY,2026-05-25,2026-05-27,1,774.0,0.025,0.02,0.03,745.6400146484375,44,0.147469462890625,0.04,0.013
SPY,2026-05-25,2026-05-27,1,775.0,0.025,0.02,0.03,745.6400146484375,126,0.15235222656250003,0.04,0.013
SPY,2026-05-25,2026-05-27,1,780.0,0.025,0.02,0.03,745.6400146484375,805,0.17383638671875,0.04,0.013
SPY,2026-05-25,2026-05-27,1,785.0,0.015,0.01,0.02,745.6400146484375,779,0.187508125,0.04,0.013
SPY,2026-05-25,2026-05-27,1,790.0,0.015,0.01,0.02,745.6400146484375,396,0.20703917968749996,0.04,0.013
SPY,2026-05-25,2026-05-27,1,795.0,0.015,0.01,0.02,745.6400146484375,1,0.22657023437499998,0.04,0.013
SPY,2026-05-25,2026-05-27,1,800.0,0.015,0.01,0.02,745.6400146484375,5,0.2461012890625,0.04,0.013
SPY,2026-05-25,2026-05-27,1,805.0,0.01,0.0,0.01,745.6400146484375,2,0.2500075,0.04,0.013
SPY,2026-05-25,2026-05-27,1,810.0,0.02,0.0,0.01,745.6400146484375,3,0.2695385546875,0.04,0.013
SPY,2026-05-25,2026-05-27,1,815.0,0.01,0.0,0.01,745.6400146484375,2,0.28516339843749994,0.04,0.013
SPY,2026-05-25,2026-05-27,1,820.0,0.01,0.0,0.01,745.6400146484375,81,0.304694453125,0.04,0.013
SPY,2026-05-25,2026-05-27,1,825.0,0.01,0.0,0.01,745.6400146484375,0,0.32031929687499994,0.04,0.013
SPY,2026-05-25,2026-05-27,1,835.0,0.01,0.0,0.01,745.6400146484375,0,0.35938140625,0.04,0.013
SPY,2026-05-25,2026-05-28,2,525.0,221.14,219.74,222.54,745.6400146484375,0,1.3671906640625,0.04,0.013
SPY,2026-05-25,2026-05-28,2,575.0,171.16,169.76,172.56,745.6400146484375,0,1.0561570629882815,0.04,0.013
SPY,2026-05-25,2026-05-28,2,615.0,131.175,129.78,132.57,745.6400146484375,0,0.8183611914062499,0.04,0.013
SPY,2026-05-25,2026-05-28,2,630.0,116.185,114.79,117.58,745.6400146484375,1,0.7319362744140624,0.04,0.013
SPY,2026-05-25,2026-05-28,2,645.0,101.195,99.8,102.59,745.6400146484375,0,0.6459996337890624,0.04,0.013
SPY,2026-05-25,2026-05-28,2,660.0,86.225,84.82,87.63,745.6400146484375,0,0.5639692041015626,0.04,0.013
SPY,2026-05-25,2026-05-28,2,665.0,81.22,79.82,82.62,745.6400146484375,1,0.5336960693359375,0.04,0.013
SPY,2026-05-25,2026-05-28,2,670.0,76.24000000000001,74.83,77.65,745.6400146484375,0,0.507817421875,0.04,0.013
SPY,2026-05-25,2026-05-28,2,675.0,71.25,69.84,72.66,745.6400146484375,8,0.6208534008789064,0.04,0.013
SPY,2026-05-25,2026-05-28,2,680.0,66.25999999999999,64.85,67.67,745.6400146484375,6,0.5863078479003907,0.04,0.013
SPY,2026-05-25,2026-05-28,2,685.0,61.269999999999996,59.86,62.68,745.6400146484375,28,0.5516402258300781,0.04,0.013
SPY,2026-05-25,2026-05-28,2,690.0,56.269999999999996,54.87,57.67,745.6400146484375,15,0.5152636364746093,0.04,0.013
SPY,2026-05-25,2026-05-28,2,695.0,51.29,49.89,52.69,745.6400146484375,3,0.48071808349609374,0.04,0.013
SPY,2026-05-25,2026-05-28,2,697.0,49.3,47.9,50.7,745.6400146484375,0,0.4669242761230469,0.04,0.013
SPY,2026-05-25,2026-05-28,2,698.0,48.305,46.9,49.71,745.6400146484375,0,0.4603325451660156,0.04,0.013
SPY,2026-05-25,2026-05-28,2,699.0,47.305,45.91,48.7,745.6400146484375,0,0.45252012329101565,0.04,0.013
SPY,2026-05-25,2026-05-28,2,700.0,46.315,44.91,47.72,745.6400146484375,3,0.4464166687011719,0.04,0.013
SPY,2026-05-25,2026-05-28,2,702.0,44.32,42.92,45.72,745.6400146484375,6,0.4317683776855469,0.04,0.013
SPY,2026-05-25,2026-05-28,2,703.0,43.33,41.93,44.73,745.6400146484375,0,0.4250545776367188,0.04,0.013
SPY,2026-05-25,2026-05-28,2,704.0,42.334999999999994,40.94,43.73,745.6400146484375,0,0.4177304321289062,0.04,0.013
SPY,2026-05-25,2026-05-28,2,705.0,41.34,39.94,42.74,745.6400146484375,6,0.41089456298828125,0.04,0.013
SPY,2026-05-25,2026-05-28,2,706.0,40.355000000000004,38.95,41.76,745.6400146484375,6,0.4046690393066406,0.04,0.013
SPY,2026-05-25,2026-05-28,2,707.0,39.365,37.96,40.77,745.6400146484375,0,0.3978331701660156,0.04,0.013
SPY,2026-05-25,2026-05-28,2,708.0,38.370000000000005,36.97,39.77,745.6400146484375,37,0.39038695556640624,0.04,0.013
SPY,2026-05-25,2026-05-28,2,709.0,37.379999999999995,35.98,38.78,745.6400146484375,4,0.3834290173339844,0.04,0.013
SPY,2026-05-25,2026-05-28,2,710.0,36.394999999999996,34.99,37.8,745.6400146484375,6,0.37695935546875,0.04,0.013
SPY,2026-05-25,2026-05-28,2,711.0,35.4,34.0,36.8,745.6400146484375,8,0.36939107177734376,0.04,0.013
SPY,2026-05-25,2026-05-28,2,712.0,34.415000000000006,33.02,35.81,745.6400146484375,47,0.3624331335449219,0.04,0.013
SPY,2026-05-25,2026-05-28,2,713.0,33.435,32.03,34.84,745.6400146484375,0,0.35632967895507806,0.04,0.013
SPY,2026-05-25,2026-05-28,2,714.0,32.44,31.04,33.84,745.6400146484375,2,0.348639326171875,0.04,0.013
SPY,2026-05-25,2026-05-28,2,715.0,31.465,30.07,32.86,745.6400146484375,20,0.34204759521484374,0.04,0.013
SPY,2026-05-25,2026-05-28,2,716.0,30.479999999999997,29.08,31.88,745.6400146484375,1,0.3352727606201171,0.04,0.013
SPY,2026-05-25,2026-05-28,2,717.0,29.5,28.1,30.9,745.6400146484375,6,0.3284979260253906,0.04,0.013
SPY,2026-05-25,2026-05-28,2,718.0,28.525,27.13,29.92,745.6400146484375,2,0.3216010223388671,0.04,0.013
SPY,2026-05-25,2026-05-28,2,719.0,27.545,26.15,28.94,745.6400146484375,5,0.3147041186523437,0.04,0.013
SPY,2026-05-25,2026-05-28,2,720.0,26.575,25.18,27.97,745.6400146484375,60,0.30811238769531246,0.04,0.013
SPY,2026-05-25,2026-05-28,2,721.0,25.525,25.21,25.84,745.6400146484375,16,0.2420730090332031,0.04,0.013
SPY,2026-05-25,2026-05-28,2,722.0,24.64,23.24,26.04,745.6400146484375,8,0.29529513305664057,0.04,0.013
SPY,2026-05-25,2026-05-28,2,723.0,23.59,23.28,23.9,745.6400146484375,4,0.2310867907714844,0.04,0.013
SPY,2026-05-25,2026-05-28,2,724.0,22.630000000000003,22.32,22.94,745.6400146484375,461,0.2260819580078125,0.04,0.013
SPY,2026-05-25,2026-05-28,2,725.0,21.715,21.44,21.99,745.6400146484375,17,0.22132126342773437,0.04,0.013
SPY,2026-05-25,2026-05-28,2,726.0,20.755000000000003,20.48,21.03,745.6400146484375,11,0.215828154296875,0.04,0.013
SPY,2026-05-25,2026-05-28,2,727.0,19.805,19.53,20.08,745.6400146484375,6,0.2108233215332031,0.04,0.013
SPY,2026-05-25,2026-05-28,2,728.0,18.88,18.61,19.15,745.6400146484375,6,0.20642883422851557,0.04,0.013
SPY,2026-05-25,2026-05-28,2,729.0,17.950000000000003,17.69,18.21,745.6400146484375,362,0.20142400146484374,0.04,0.013
SPY,2026-05-25,2026-05-28,2,730.0,17.005000000000003,16.75,17.26,745.6400146484375,313,0.19568675415039063,0.04,0.013
SPY,2026-05-25,2026-05-28,2,731.0,16.07,15.81,16.33,745.6400146484375,2,0.19068192138671874,0.04,0.013
SPY,2026-05-25,2026-05-28,2,732.0,15.190000000000001,14.97,15.41,745.6400146484375,748,0.18579915771484373,0.04,0.013
SPY,2026-05-25,2026-05-28,2,733.0,14.27,14.04,14.5,745.6400146484375,85,0.1810384631347656,0.04,0.013
SPY,2026-05-25,2026-05-28,2,734.0,13.42,13.22,13.62,745.6400146484375,5,0.17707121765136719,0.04,0.013
SPY,2026-05-25,2026-05-28,2,735.0,12.555,12.37,12.74,745.6400146484375,40,0.17273776489257814,0.04,0.013
SPY,2026-05-25,2026-05-28,2,736.0,11.7,11.51,11.89,745.6400146484375,62,0.1690756921386719,0.04,0.013
SPY,2026-05-25,2026-05-28,2,737.0,10.855,10.68,11.03,745.6400146484375,130,0.16462017028808595,0.04,0.013
SPY,2026-05-25,2026-05-28,2,738.0,10.02,9.86,10.18,745.6400146484375,62,0.1599815447998047,0.04,0.013
SPY,2026-05-25,2026-05-28,2,739.0,9.21,9.03,9.39,745.6400146484375,111,0.1568687829589844,0.04,0.013
SPY,2026-05-25,2026-05-28,2,740.0,8.415,8.27,8.56,745.6400146484375,5238,0.15180291564941406,0.04,0.013
SPY,2026-05-25,2026-05-28,2,741.0,7.665,7.55,7.78,745.6400146484375,402,0.14777463562011722,0.04,0.013
SPY,2026-05-25,2026-05-28,2,742.0,6.9350000000000005,6.82,7.05,745.6400146484375,421,0.1445398046875,0.04,0.013
SPY,2026-05-25,2026-05-28,2,743.0,6.24,6.13,6.35,745.6400146484375,341,0.14148807739257813,0.04,0.013
SPY,2026-05-25,2026-05-28,2,744.0,5.575,5.46,5.69,745.6400146484375,304,0.13874152282714847,0.04,0.013
SPY,2026-05-25,2026-05-28,2,745.0,4.984999999999999,4.97,5.0,745.6400146484375,1288,0.13428600097656251,0.04,0.013
SPY,2026-05-25,2026-05-28,2,746.0,4.395,4.38,4.41,745.6400146484375,2988,0.13172255004882813,0.04,0.013
SPY,2026-05-25,2026-05-28,2,747.0,3.8449999999999998,3.83,3.86,745.6400146484375,3380,0.12934220275878905,0.04,0.013
SPY,2026-05-25,2026-05-28,2,748.0,3.335,3.32,3.35,745.6400146484375,4673,0.12702289001464845,0.04,0.013
SPY,2026-05-25,2026-05-28,2,749.0,2.865,2.85,2.88,745.6400146484375,2660,0.12482564636230468,0.04,0.013
SPY,2026-05-25,2026-05-28,2,750.0,2.4450000000000003,2.43,2.46,745.6400146484375,3108,0.12293357543945313,0.04,0.013
SPY,2026-05-25,2026-05-28,2,751.0,2.065,2.05,2.08,745.6400146484375,1232,0.1211025390625,0.04,0.013
SPY,2026-05-25,2026-05-28,2,752.0,1.73,1.72,1.74,745.6400146484375,822,0.11927150268554687,0.04,0.013
SPY,2026-05-25,2026-05-28,2,753.0,1.44,1.43,1.45,745.6400146484375,1874,0.11792874267578124,0.04,0.013
SPY,2026-05-25,2026-05-28,2,754.0,1.18,1.17,1.19,745.6400146484375,864,0.11646391357421876,0.04,0.013
SPY,2026-05-25,2026-05-28,2,755.0,0.96,0.95,0.97,745.6400146484375,1826,0.11518218811035157,0.04,0.013
SPY,2026-05-25,2026-05-28,2,756.0,0.78,0.77,0.79,745.6400146484375,497,0.11438873901367189,0.04,0.013
SPY,2026-05-25,2026-05-28,2,757.0,0.62,0.61,0.63,745.6400146484375,415,0.1132901171875,0.04,0.013
SPY,2026-05-25,2026-05-28,2,758.0,0.495,0.49,0.5,745.6400146484375,488,0.11231356445312499,0.04,0.013
SPY,2026-05-25,2026-05-28,2,759.0,0.39,0.38,0.4,745.6400146484375,1330,0.11206942626953123,0.04,0.013
SPY,2026-05-25,2026-05-28,2,760.0,0.305,0.3,0.31,745.6400146484375,9817,0.11109287353515623,0.04,0.013
SPY,2026-05-25,2026-05-28,2,761.0,0.24,0.23,0.25,745.6400146484375,262,0.11158114990234375,0.04,0.013
SPY,2026-05-25,2026-05-28,2,762.0,0.19,0.18,0.2,745.6400146484375,581,0.11182528808593749,0.04,0.013
SPY,2026-05-25,2026-05-28,2,763.0,0.155,0.15,0.16,745.6400146484375,258,0.11231356445312499,0.04,0.013
SPY,2026-05-25,2026-05-28,2,764.0,0.125,0.12,0.13,745.6400146484375,1080,0.1132901171875,0.04,0.013
SPY,2026-05-25,2026-05-28,2,765.0,0.10500000000000001,0.1,0.11,745.6400146484375,633,0.1147549462890625,0.04,0.013
SPY,2026-05-25,2026-05-28,2,766.0,0.08499999999999999,0.08,0.09,745.6400146484375,324,0.1157314990234375,0.04,0.013
SPY,2026-05-25,2026-05-28,2,767.0,0.07500000000000001,0.07,0.08,745.6400146484375,66,0.118172880859375,0.04,0.013
SPY,2026-05-25,2026-05-28,2,768.0,0.065,0.06,0.07,745.6400146484375,215,0.1206142626953125,0.04,0.013
SPY,2026-05-25,2026-05-28,2,769.0,0.055,0.05,0.06,745.6400146484375,138,0.12207909179687501,0.04,0.013
SPY,2026-05-25,2026-05-28,2,770.0,0.045,0.04,0.05,745.6400146484375,715,0.1235439208984375,0.04,0.013
SPY,2026-05-25,2026-05-28,2,771.0,0.045,0.04,0.05,745.6400146484375,93,0.127938408203125,0.04,0.013
SPY,2026-05-25,2026-05-28,2,772.0,0.035,0.03,0.04,745.6400146484375,73,0.127938408203125,0.04,0.013
SPY,2026-05-25,2026-05-28,2,773.0,0.035,0.03,0.04,745.6400146484375,29,0.132821171875,0.04,0.013
SPY,2026-05-25,2026-05-28,2,774.0,0.035,0.03,0.04,745.6400146484375,29,0.13672738281250002,0.04,0.013
SPY,2026-05-25,2026-05-28,2,775.0,0.035,0.03,0.04,745.6400146484375,165,0.14063359375,0.04,0.013
SPY,2026-05-25,2026-05-28,2,780.0,0.025,0.02,0.03,745.6400146484375,47,0.15528188476562502,0.04,0.013
SPY,2026-05-25,2026-05-28,2,785.0,0.015,0.01,0.02,745.6400146484375,73,0.16797707031250003,0.04,0.013
SPY,2026-05-25,2026-05-28,2,790.0,0.015,0.01,0.02,745.6400146484375,357,0.18555501953124998,0.04,0.013
SPY,2026-05-25,2026-05-28,2,795.0,0.015,0.01,0.02,745.6400146484375,52,0.20313296874999998,0.04,0.013
SPY,2026-05-25,2026-05-28,2,800.0,0.015,0.01,0.02,745.6400146484375,84,0.22071091796874998,0.04,0.013
SPY,2026-05-25,2026-05-28,2,805.0,0.015,0.01,0.02,745.6400146484375,15,0.23828886718749998,0.04,0.013
SPY,2026-05-25,2026-05-28,2,810.0,0.03,0.0,0.01,745.6400146484375,0,0.23828886718749998,0.04,0.013
SPY,2026-05-25,2026-05-28,2,815.0,0.02,0.0,0.01,745.6400146484375,1,0.257819921875,0.04,0.013
SPY,2026-05-25,2026-05-28,2,825.0,0.01,0.0,0.01,745.6400146484375,0,0.2890696093749999,0.04,0.013
SPY,2026-05-25,2026-05-28,2,830.0,0.02,0.0,0.01,745.6400146484375,0,0.304694453125,0.04,0.013
SPY,2026-05-25,2026-05-28,2,865.0,0.01,0.0,0.01,745.6400146484375,0,0.4062559375,0.04,0.013
SPY,2026-05-25,2026-05-29,3,435.0,311.255,309.85,312.66,745.6400146484375,3,1.8847662011718749,0.04,0.013
SPY,2026-05-25,2026-05-29,3,450.0,296.27,294.87,297.67,745.6400146484375,199,1.7836924877929685,0.04,0.013
SPY,2026-05-25,2026-05-29,3,455.0,199.0,0.0,0.0,745.6400146484375,1,1.0000000000000003e-05,0.04,0.013
SPY,2026-05-25,2026-05-29,3,460.0,286.275,284.87,287.68,745.6400146484375,1,1.7158217333984376,0.04,0.013
SPY,2026-05-25,2026-05-29,3,470.0,242.88,241.48,244.28,745.6400146484375,60,1.0000000000000003e-05,0.04,0.013
SPY,2026-05-25,2026-05-29,3,475.0,205.01,0.0,0.0,745.6400146484375,1,1.0000000000000003e-05,0.04,0.013
SPY,2026-05-25,2026-05-29,3,480.0,266.28499999999997,264.89,267.68,745.6400146484375,1,1.583498176269531,0.04,0.013
SPY,2026-05-25,2026-05-29,3,485.0,261.28499999999997,259.89,262.68,745.6400146484375,3,1.5502952172851558,0.04,0.013
SPY,2026-05-25,2026-05-29,3,490.0,256.3,254.9,257.7,745.6400146484375,1,1.5224633251953121,0.04,0.013
SPY,2026-05-25,2026-05-29,3,495.0,251.29000000000002,249.9,252.68,745.6400146484375,1,1.486330693359375,0.04,0.013
SPY,2026-05-25,2026-05-29,3,500.0,246.31,244.9,247.72,745.6400146484375,1,1.4599636376953122,0.04,0.013
SPY,2026-05-25,2026-05-29,3,505.0,241.335,239.96,242.71,745.6400146484375,1,1.435549697265625,0.04,0.013
SPY,2026-05-25,2026-05-29,3,510.0,236.305,234.91,237.7,745.6400146484375,31,1.39453427734375,0.04,0.013
SPY,2026-05-25,2026-05-29,3,515.0,231.32,229.92,232.72,745.6400146484375,1,1.3671906640625,0.04,0.013
SPY,2026-05-25,2026-05-29,3,520.0,226.315,224.92,227.71,745.6400146484375,2,1.3339877050781246,0.04,0.013
SPY,2026-05-25,2026-05-29,3,525.0,221.315,219.92,222.71,745.6400146484375,3,1.3032261401367182,0.04,0.013
SPY,2026-05-25,2026-05-29,3,530.0,216.32999999999998,214.93,217.73,745.6400146484375,1,1.2763708056640621,0.04,0.013
SPY,2026-05-25,2026-05-29,3,535.0,211.32999999999998,209.94,212.72,745.6400146484375,1,1.2451209619140622,0.04,0.013
SPY,2026-05-25,2026-05-29,3,540.0,206.335,204.93,207.74,745.6400146484375,1,1.2158242333984375,0.04,0.013
SPY,2026-05-25,2026-05-29,3,545.0,201.33499999999998,199.94,202.73,745.6400146484375,3,1.185550947265625,0.04,0.013
SPY,2026-05-25,2026-05-29,3,550.0,196.33499999999998,194.94,197.73,745.6400146484375,3,1.1552776611328124,0.04,0.013
SPY,2026-05-25,2026-05-29,3,555.0,191.35,189.95,192.75,745.6400146484375,1,1.12891060546875,0.04,0.013
SPY,2026-05-25,2026-05-29,3,560.0,186.35000000000002,184.96,187.74,745.6400146484375,3,1.0991255981445316,0.04,0.013
SPY,2026-05-25,2026-05-29,3,565.0,181.355,179.95,182.76,745.6400146484375,1,1.070805427246094,0.04,0.013
SPY,2026-05-25,2026-05-29,3,570.0,176.35500000000002,174.96,177.75,745.6400146484375,1,1.0410204199218753,0.04,0.013
SPY,2026-05-25,2026-05-29,3,575.0,171.365,169.96,172.77,745.6400146484375,1,1.0141650854492186,0.04,0.013
SPY,2026-05-25,2026-05-29,3,580.0,166.37,164.97,167.77,745.6400146484375,1,0.9858399853515626,0.04,0.013
SPY,2026-05-25,2026-05-29,3,585.0,161.365,159.97,162.76,745.6400146484375,2,0.9558109887695312,0.04,0.013
SPY,2026-05-25,2026-05-29,3,588.0,158.37,156.97,159.77,745.6400146484375,4,0.93945373046875,0.04,0.013
SPY,2026-05-25,2026-05-29,3,589.0,157.38,155.98,158.78,745.6400146484375,1,0.9357916577148437,0.04,0.013
SPY,2026-05-25,2026-05-29,3,590.0,156.38,154.98,157.78,745.6400146484375,1,0.9301764794921875,0.04,0.013
SPY,2026-05-25,2026-05-29,3,591.0,155.38,153.98,156.78,745.6400146484375,2,0.9243171630859376,0.04,0.013
SPY,2026-05-25,2026-05-29,3,592.0,154.375,152.98,155.77,745.6400146484375,23,0.9174812939453125,0.04,0.013
SPY,2026-05-25,2026-05-29,3,593.0,72.74,0.0,0.0,745.6400146484375,2,1.0000000000000003e-05,0.04,0.013
SPY,2026-05-25,2026-05-29,3,594.0,120.135,118.73,121.54,745.6400146484375,16,1.0000000000000003e-05,0.04,0.013
SPY,2026-05-25,2026-05-29,3,595.0,151.385,149.98,152.79,745.6400146484375,1,0.9023447265625,0.04,0.013
SPY,2026-05-25,2026-05-29,3,596.0,150.375,148.98,151.77,745.6400146484375,1,0.8945323046874999,0.04,0.013
SPY,2026-05-25,2026-05-29,3,597.0,98.94,0.0,0.0,745.6400146484375,1,1.0000000000000003e-05,0.04,0.013
SPY,2026-05-25,2026-05-29,3,598.0,148.38,146.98,149.78,745.6400146484375,1,0.883790224609375,0.04,0.013
SPY,2026-05-25,2026-05-29,3,599.0,115.22999999999999,113.83,116.63,745.6400146484375,1,1.0000000000000003e-05,0.04,0.013
SPY,2026-05-25,2026-05-29,3,600.0,146.39,144.99,147.79,745.6400146484375,4,0.8745129736328124,0.04,0.013
SPY,2026-05-25,2026-05-29,3,601.0,145.39,143.99,146.79,745.6400146484375,1,0.8686536572265625,0.04,0.013
SPY,2026-05-25,2026-05-29,3,602.0,144.39,142.99,145.79,745.6400146484375,1,0.8630384790039063,0.04,0.013
SPY,2026-05-25,2026-05-29,3,603.0,143.385,141.99,144.78,745.6400146484375,2,0.8564467480468749,0.04,0.013
SPY,2026-05-25,2026-05-29,3,604.0,100.215,99.9,100.53,745.6400146484375,0,1.0000000000000003e-05,0.04,0.013
SPY,2026-05-25,2026-05-29,3,605.0,141.385,139.99,142.78,745.6400146484375,1,0.8449722534179687,0.04,0.013
SPY,2026-05-25,2026-05-29,3,606.0,140.395,138.99,141.8,745.6400146484375,1,0.8410660424804688,0.04,0.013
SPY,2026-05-25,2026-05-29,3,607.0,139.385,137.99,140.78,745.6400146484375,3,0.8334977587890623,0.04,0.013
SPY,2026-05-25,2026-05-29,3,608.0,138.4,137.0,139.8,745.6400146484375,1,0.8305681005859374,0.04,0.013
SPY,2026-05-25,2026-05-29,3,609.0,129.92000000000002,128.52,131.32,745.6400146484375,1,1.0000000000000003e-05,0.04,0.013
SPY,2026-05-25,2026-05-29,3,610.0,136.4,135.0,137.8,745.6400146484375,3,0.8193377441406249,0.04,0.013
SPY,2026-05-25,2026-05-29,3,611.0,93.91,93.51,94.31,745.6400146484375,2,1.0000000000000003e-05,0.04,0.013
SPY,2026-05-25,2026-05-29,3,612.0,85.2,0.0,0.0,745.6400146484375,2,1.0000000000000003e-05,0.04,0.013
SPY,2026-05-25,2026-05-29,3,613.0,133.39499999999998,132.0,134.79,745.6400146484375,2,0.8012715185546875,0.04,0.013
SPY,2026-05-25,2026-05-29,3,614.0,62.96,62.29,63.63,745.6400146484375,1,1.0000000000000003e-05,0.04,0.013
SPY,2026-05-25,2026-05-29,3,615.0,131.405,130.0,132.81,745.6400146484375,5,0.7917501293945313,0.04,0.013
SPY,2026-05-25,2026-05-29,3,616.0,130.405,129.0,131.81,745.6400146484375,1,0.7861349511718749,0.04,0.013
SPY,2026-05-25,2026-05-29,3,617.0,121.935,120.54,123.33,745.6400146484375,2,1.0000000000000003e-05,0.04,0.013
SPY,2026-05-25,2026-05-29,3,618.0,128.41,127.01,129.81,745.6400146484375,1,0.7756370092773439,0.04,0.013
SPY,2026-05-25,2026-05-29,3,619.0,127.41,126.01,128.81,745.6400146484375,3,0.7700218310546876,0.04,0.013
SPY,2026-05-25,2026-05-29,3,620.0,126.41,125.01,127.81,745.6400146484375,2,0.7641625146484375,0.04,0.013
SPY,2026-05-25,2026-05-29,3,621.0,117.96000000000001,116.56,119.36,745.6400146484375,1,1.0000000000000003e-05,0.04,0.013
SPY,2026-05-25,2026-05-29,3,622.0,124.405,123.01,125.8,745.6400146484375,31,0.7521997436523438,0.04,0.013
SPY,2026-05-25,2026-05-29,3,623.0,115.965,114.56,117.37,745.6400146484375,2,1.0000000000000003e-05,0.04,0.013
SPY,2026-05-25,2026-05-29,3,624.0,122.41499999999999,121.01,123.82,745.6400146484375,2,0.7426783544921874,0.04,0.013
SPY,2026-05-25,2026-05-29,3,625.0,121.41,120.01,122.81,745.6400146484375,1,0.7360866235351562,0.04,0.013
SPY,2026-05-25,2026-05-29,3,626.0,120.41999999999999,119.02,121.82,745.6400146484375,7,0.7321804125976561,0.04,0.013
SPY,2026-05-25,2026-05-29,3,627.0,119.41999999999999,118.02,120.82,745.6400146484375,1,0.726565234375,0.04,0.013
SPY,2026-05-25,2026-05-29,3,628.0,118.41999999999999,117.02,119.82,745.6400146484375,2,0.72070591796875,0.04,0.013
SPY,2026-05-25,2026-05-29,3,629.0,117.41499999999999,116.02,118.81,745.6400146484375,1,0.7143583251953125,0.04,0.013
SPY,2026-05-25,2026-05-29,3,630.0,116.41,115.02,117.8,745.6400146484375,3,0.708010732421875,0.04,0.013
SPY,2026-05-25,2026-05-29,3,631.0,108.0,106.6,109.4,745.6400146484375,1,1.0000000000000003e-05,0.04,0.013
SPY,2026-05-25,2026-05-29,3,632.0,114.425,113.02,115.83,745.6400146484375,1,0.6992217578125001,0.04,0.013
SPY,2026-05-25,2026-05-29,3,633.0,113.425,112.02,114.83,745.6400146484375,10,0.6936065795898438,0.04,0.013
SPY,2026-05-25,2026-05-29,3,634.0,112.43,111.03,113.83,745.6400146484375,125,0.6887238159179689,0.04,0.013
SPY,2026-05-25,2026-05-29,3,635.0,111.43,110.03,112.83,745.6400146484375,2,0.6831086376953126,0.04,0.013
SPY,2026-05-25,2026-05-29,3,636.0,110.425,109.03,111.82,745.6400146484375,3,0.676761044921875,0.04,0.013
SPY,2026-05-25,2026-05-29,3,637.0,109.425,108.03,110.82,745.6400146484375,2,0.6711458666992189,0.04,0.013
SPY,2026-05-25,2026-05-29,3,638.0,108.42,107.03,109.81,745.6400146484375,1,0.6647982739257814,0.04,0.013
SPY,2026-05-25,2026-05-29,3,639.0,107.435,106.03,108.84,745.6400146484375,1,0.6613803393554689,0.04,0.013
SPY,2026-05-25,2026-05-29,3,640.0,106.435,105.04,107.83,745.6400146484375,18,0.6557651611328126,0.04,0.013
SPY,2026-05-25,2026-05-29,3,641.0,105.44,104.04,106.84,745.6400146484375,1,0.6508823974609376,0.04,0.013
SPY,2026-05-25,2026-05-29,3,642.0,104.44,103.04,105.84,745.6400146484375,1,0.6452672192382812,0.04,0.013
SPY,2026-05-25,2026-05-29,3,643.0,103.435,102.04,104.83,745.6400146484375,1,0.6391637646484375,0.04,0.013
SPY,2026-05-25,2026-05-29,3,644.0,102.435,101.04,103.83,745.6400146484375,1,0.6333044482421876,0.04,0.013
SPY,2026-05-25,2026-05-29,3,645.0,101.43,100.04,102.82,745.6400146484375,3,0.6272009936523439,0.04,0.013
SPY,2026-05-25,2026-05-29,3,646.0,100.445,99.04,101.85,745.6400146484375,1,0.6235389208984375,0.04,0.013
SPY,2026-05-25,2026-05-29,3,647.0,99.445,98.04,100.85,745.6400146484375,1,0.6181678808593751,0.04,0.013
SPY,2026-05-25,2026-05-29,3,648.0,98.44999999999999,97.05,99.85,745.6400146484375,1,0.6132851171875001,0.04,0.013
SPY,2026-05-25,2026-05-29,3,649.0,97.445,96.05,98.84,745.6400146484375,1,0.6069375244140626,0.04,0.013
SPY,2026-05-25,2026-05-29,3,650.0,96.475,95.5,97.45,745.6400146484375,37,0.6054726953125001,0.04,0.013
SPY,2026-05-25,2026-05-29,3,651.0,95.455,94.05,96.86,745.6400146484375,1,0.5971719970703125,0.04,0.013
SPY,2026-05-25,2026-05-29,3,652.0,94.455,93.05,95.86,745.6400146484375,2,0.5915568188476563,0.04,0.013
SPY,2026-05-25,2026-05-29,3,653.0,93.46000000000001,92.06,94.86,745.6400146484375,3,0.5864299169921875,0.04,0.013
SPY,2026-05-25,2026-05-29,3,654.0,92.46000000000001,91.06,93.86,745.6400146484375,4,0.5810588769531251,0.04,0.013
SPY,2026-05-25,2026-05-29,3,655.0,91.455,90.06,92.85,745.6400146484375,13,0.5747112841796875,0.04,0.013
SPY,2026-05-25,2026-05-29,3,656.0,90.455,89.06,91.85,745.6400146484375,4,0.5690961059570312,0.04,0.013
SPY,2026-05-25,2026-05-29,3,657.0,89.465,88.06,90.87,745.6400146484375,10,0.5647016186523439,0.04,0.013
SPY,2026-05-25,2026-05-29,3,658.0,88.455,87.06,89.85,745.6400146484375,4,0.5578657495117189,0.04,0.013
SPY,2026-05-25,2026-05-29,3,659.0,87.47,86.07,88.87,745.6400146484375,2,0.5542036767578126,0.04,0.013
SPY,2026-05-25,2026-05-29,3,660.0,86.465,85.07,87.86,745.6400146484375,14,0.5481002221679689,0.04,0.013
SPY,2026-05-25,2026-05-29,3,661.0,85.475,84.07,86.88,745.6400146484375,1,0.5437057348632813,0.04,0.013
SPY,2026-05-25,2026-05-29,3,662.0,84.465,83.07,85.86,745.6400146484375,1,0.5368698657226563,0.04,0.013
SPY,2026-05-25,2026-05-29,3,663.0,83.47999999999999,82.08,84.88,745.6400146484375,1,0.5329636547851562,0.04,0.013
SPY,2026-05-25,2026-05-29,3,664.0,82.475,81.08,83.87,745.6400146484375,3,0.5268602001953125,0.04,0.013
SPY,2026-05-25,2026-05-29,3,665.0,81.475,80.08,82.87,745.6400146484375,11,0.5212450219726561,0.04,0.013
SPY,2026-05-25,2026-05-29,3,666.0,80.485,79.08,81.89,745.6400146484375,6,0.5168505346679688,0.04,0.013
SPY,2026-05-25,2026-05-29,3,667.0,79.475,78.08,80.87,745.6400146484375,3,0.5100146655273439,0.04,0.013
SPY,2026-05-25,2026-05-29,3,668.0,78.485,77.09,79.88,745.6400146484375,1,0.5056201782226561,0.04,0.013
SPY,2026-05-25,2026-05-29,3,669.0,77.485,76.09,78.88,745.6400146484375,1,0.500005,0.04,0.013
SPY,2026-05-25,2026-05-29,3,670.0,76.495,75.09,77.9,745.6400146484375,1024,0.6159706372070313,0.04,0.013
SPY,2026-05-25,2026-05-29,3,671.0,75.485,74.09,76.88,745.6400146484375,1,0.6080361462402344,0.04,0.013
SPY,2026-05-25,2026-05-29,3,672.0,74.495,73.1,75.89,745.6400146484375,5,0.6021768298339845,0.04,0.013
SPY,2026-05-25,2026-05-29,3,673.0,73.505,72.1,74.91,745.6400146484375,33,0.5969278588867188,0.04,0.013
SPY,2026-05-25,2026-05-29,3,674.0,72.505,71.1,73.91,745.6400146484375,3,0.5904581970214844,0.04,0.013
SPY,2026-05-25,2026-05-29,3,675.0,71.495,70.1,72.89,745.6400146484375,21,0.5825237060546875,0.04,0.013
SPY,2026-05-25,2026-05-29,3,676.0,70.505,69.11,71.9,745.6400146484375,2,0.5766643896484375,0.04,0.013
SPY,2026-05-25,2026-05-29,3,677.0,69.50999999999999,68.11,70.91,745.6400146484375,13,0.5708050732421875,0.04,0.013
SPY,2026-05-25,2026-05-29,3,678.0,68.515,67.11,69.92,745.6400146484375,1,0.5648236877441408,0.04,0.013
SPY,2026-05-25,2026-05-29,3,679.0,67.515,66.12,68.91,745.6400146484375,5,0.5576216113281252,0.04,0.013
SPY,2026-05-25,2026-05-29,3,680.0,66.52000000000001,65.12,67.92,745.6400146484375,1552,0.551762294921875,0.04,0.013
SPY,2026-05-25,2026-05-29,3,681.0,65.505,64.12,66.89,745.6400146484375,1,0.5432174584960938,0.04,0.013
SPY,2026-05-25,2026-05-29,3,682.0,64.525,63.13,65.92,745.6400146484375,5,0.5385788330078126,0.04,0.013
SPY,2026-05-25,2026-05-29,3,683.0,63.535,62.13,64.94,745.6400146484375,12,0.53320779296875,0.04,0.013
SPY,2026-05-25,2026-05-29,3,684.0,62.53,61.13,63.93,745.6400146484375,4,0.5260057165527343,0.04,0.013
SPY,2026-05-25,2026-05-29,3,685.0,61.545,60.14,62.95,745.6400146484375,20,0.5206346765136718,0.04,0.013
SPY,2026-05-25,2026-05-29,3,686.0,60.545,59.14,61.95,745.6400146484375,72,0.5139208764648437,0.04,0.013
SPY,2026-05-25,2026-05-29,3,687.0,59.545,58.15,60.94,745.6400146484375,14,0.5067188000488281,0.04,0.013
SPY,2026-05-25,2026-05-29,3,688.0,58.545,57.15,59.94,745.6400146484375,5,0.5001270690917969,0.04,0.013
SPY,2026-05-25,2026-05-29,3,689.0,57.56,56.16,58.96,745.6400146484375,9,0.4946339599609375,0.04,0.013
SPY,2026-05-25,2026-05-29,3,690.0,56.57,55.17,57.97,745.6400146484375,839,0.4885305053710938,0.04,0.013
SPY,2026-05-25,2026-05-29,3,691.0,55.565,54.17,56.96,745.6400146484375,57,0.4813284289550781,0.04,0.013
SPY,2026-05-25,2026-05-29,3,692.0,54.575,53.17,55.98,745.6400146484375,14,0.4757132507324219,0.04,0.013
SPY,2026-05-25,2026-05-29,3,693.0,53.575,52.18,54.97,745.6400146484375,5,0.46851117431640626,0.04,0.013
SPY,2026-05-25,2026-05-29,3,694.0,52.58,51.18,53.98,745.6400146484375,3,0.4622856506347657,0.04,0.013
SPY,2026-05-25,2026-05-29,3,695.0,51.58,50.19,52.97,745.6400146484375,22,0.45508357421875,0.04,0.013
SPY,2026-05-25,2026-05-29,3,696.0,50.595,49.2,51.99,745.6400146484375,9,0.44946839599609373,0.04,0.013
SPY,2026-05-25,2026-05-29,3,697.0,49.6,48.2,51.0,745.6400146484375,13,0.44324287231445314,0.04,0.013
SPY,2026-05-25,2026-05-29,3,698.0,48.615,47.21,50.02,745.6400146484375,9,0.437505625,0.04,0.013
SPY,2026-05-25,2026-05-29,3,699.0,47.614999999999995,46.22,49.01,745.6400146484375,262,0.43018147949218755,0.04,0.013
SPY,2026-05-25,2026-05-29,3,700.0,46.515,45.23,47.8,745.6400146484375,164,0.41199318481445313,0.04,0.013
SPY,2026-05-25,2026-05-29,3,701.0,45.635000000000005,44.24,47.03,745.6400146484375,9,0.41760836303710935,0.04,0.013
SPY,2026-05-25,2026-05-29,3,702.0,44.855000000000004,43.67,46.04,745.6400146484375,39,0.4112607702636719,0.04,0.013
SPY,2026-05-25,2026-05-29,3,703.0,43.655,42.26,45.05,745.6400146484375,31,0.40491317749023437,0.04,0.013
SPY,2026-05-25,2026-05-29,3,704.0,42.665000000000006,41.27,44.06,745.6400146484375,43,0.39856558471679693,0.04,0.013
SPY,2026-05-25,2026-05-29,3,705.0,41.675,40.28,43.07,745.6400146484375,53,0.3920959228515625,0.04,0.013
SPY,2026-05-25,2026-05-29,3,706.0,40.695,39.29,42.1,745.6400146484375,17,0.38672488281249995,0.04,0.013
SPY,2026-05-25,2026-05-29,3,707.0,39.695,38.3,41.09,745.6400146484375,15,0.3792786682128906,0.04,0.013
SPY,2026-05-25,2026-05-29,3,708.0,38.715,37.32,40.11,745.6400146484375,10,0.37317521362304684,0.04,0.013
SPY,2026-05-25,2026-05-29,3,709.0,37.724999999999994,36.33,39.12,745.6400146484375,247,0.3667055517578125,0.04,0.013
SPY,2026-05-25,2026-05-29,3,710.0,36.754999999999995,35.35,38.16,745.6400146484375,305,0.36151761535644533,0.04,0.013
SPY,2026-05-25,2026-05-29,3,711.0,35.78,34.37,37.19,745.6400146484375,164,0.35584140258789054,0.04,0.013
SPY,2026-05-25,2026-05-29,3,712.0,34.785,33.39,36.18,745.6400146484375,156,0.3482731188964844,0.04,0.013
SPY,2026-05-25,2026-05-29,3,713.0,33.805,32.41,35.2,745.6400146484375,65,0.3419865606689453,0.04,0.013
SPY,2026-05-25,2026-05-29,3,714.0,32.825,31.43,34.22,745.6400146484375,32,0.33570000244140624,0.04,0.013
SPY,2026-05-25,2026-05-29,3,715.0,31.85,30.46,33.24,745.6400146484375,54,0.3293524096679687,0.04,0.013
SPY,2026-05-25,2026-05-29,3,716.0,30.875,29.48,32.27,745.6400146484375,15,0.3233710241699218,0.04,0.013
SPY,2026-05-25,2026-05-29,3,717.0,29.9,28.5,31.3,745.6400146484375,69,0.3173286041259765,0.04,0.013
SPY,2026-05-25,2026-05-29,3,718.0,28.93,27.53,30.33,745.6400146484375,33,0.31116411499023433,0.04,0.013
SPY,2026-05-25,2026-05-29,3,719.0,27.97,26.57,29.37,745.6400146484375,17,0.30542686767578126,0.04,0.013
SPY,2026-05-25,2026-05-29,3,720.0,27.0,25.6,28.4,745.6400146484375,752,0.2991403094482421,0.04,0.013
SPY,2026-05-25,2026-05-29,3,721.0,25.615000000000002,24.64,26.59,745.6400146484375,18,0.25751474914550787,0.04,0.013
SPY,2026-05-25,2026-05-29,3,722.0,25.085,23.69,26.48,745.6400146484375,49,0.28717753845214833,0.04,0.013
SPY,2026-05-25,2026-05-29,3,723.0,24.130000000000003,22.73,25.53,745.6400146484375,24,0.28137925659179686,0.04,0.013
SPY,2026-05-25,2026-05-29,3,724.0,22.89,21.79,23.99,745.6400146484375,103,0.2525709509277344,0.04,0.013
SPY,2026-05-25,2026-05-29,3,725.0,22.405,21.89,22.92,745.6400146484375,425,0.24231714721679687,0.04,0.013
SPY,2026-05-25,2026-05-29,3,726.0,21.295,20.97,21.62,745.6400146484375,113,0.22272505798339842,0.04,0.013
SPY,2026-05-25,2026-05-29,3,727.0,20.365000000000002,20.04,20.69,745.6400146484375,154,0.2181474670410156,0.04,0.013
SPY,2026-05-25,2026-05-29,3,728.0,19.415,19.13,19.7,745.6400146484375,328,0.21106745971679686,0.04,0.013
SPY,2026-05-25,2026-05-29,3,729.0,18.5,18.23,18.77,745.6400146484375,360,0.20618469604492184,0.04,0.013
SPY,2026-05-25,2026-05-29,3,730.0,17.465,16.96,17.97,745.6400146484375,592,0.2059405578613281,0.04,0.013
SPY,2026-05-25,2026-05-29,3,731.0,16.705,16.45,16.96,745.6400146484375,102,0.19763985961914063,0.04,0.013
SPY,2026-05-25,2026-05-29,3,732.0,15.844999999999999,15.58,16.11,745.6400146484375,767,0.19495433959960937,0.04,0.013
SPY,2026-05-25,2026-05-29,3,733.0,14.97,14.71,15.23,745.6400146484375,1225,0.19080399047851562,0.04,0.013
SPY,2026-05-25,2026-05-29,3,734.0,14.075,13.86,14.29,745.6400146484375,1024,0.1844563977050781,0.04,0.013
SPY,2026-05-25,2026-05-29,3,735.0,13.205,13.02,13.39,745.6400146484375,1550,0.17914639221191403,0.04,0.013
SPY,2026-05-25,2026-05-29,3,736.0,12.36,12.18,12.54,745.6400146484375,277,0.1751181121826172,0.04,0.013
SPY,2026-05-25,2026-05-29,3,737.0,11.58,11.36,11.8,745.6400146484375,286,0.17401949035644532,0.04,0.013
SPY,2026-05-25,2026-05-29,3,738.0,10.765,10.57,10.96,745.6400146484375,437,0.1694418994140625,0.04,0.013
SPY,2026-05-25,2026-05-29,3,739.0,9.93,9.79,10.07,745.6400146484375,342,0.16303327209472657,0.04,0.013
SPY,2026-05-25,2026-05-29,3,740.0,9.24,9.14,9.34,745.6400146484375,2544,0.1607749938964844,0.04,0.013
SPY,2026-05-25,2026-05-29,3,741.0,8.46,8.31,8.61,745.6400146484375,381,0.15796740478515625,0.04,0.013
SPY,2026-05-25,2026-05-29,3,742.0,7.75,7.6,7.9,745.6400146484375,634,0.1550987811279297,0.04,0.013
SPY,2026-05-25,2026-05-29,3,743.0,7.075,6.92,7.23,745.6400146484375,732,0.15271843383789066,0.04,0.013
SPY,2026-05-25,2026-05-29,3,744.0,6.395,6.27,6.52,745.6400146484375,1185,0.14862911926269531,0.04,0.013
SPY,2026-05-25,2026-05-29,3,745.0,5.79,5.73,5.85,745.6400146484375,5681,0.14490601196289063,0.04,0.013
SPY,2026-05-25,2026-05-29,3,746.0,5.210000000000001,5.19,5.23,745.6400146484375,10080,0.14173221557617188,0.04,0.013
SPY,2026-05-25,2026-05-29,3,747.0,4.654999999999999,4.64,4.67,745.6400146484375,18789,0.13941290283203128,0.04,0.013
SPY,2026-05-25,2026-05-29,3,748.0,4.135,4.12,4.15,745.6400146484375,22159,0.1373377282714844,0.04,0.013
SPY,2026-05-25,2026-05-29,3,749.0,3.645,3.63,3.66,745.6400146484375,3364,0.13514048461914066,0.04,0.013
SPY,2026-05-25,2026-05-29,3,750.0,3.1950000000000003,3.18,3.21,745.6400146484375,15784,0.1332178964233398,0.04,0.013
SPY,2026-05-25,2026-05-29,3,751.0,2.785,2.77,2.8,745.6400146484375,2585,0.13147841186523437,0.04,0.013
SPY,2026-05-25,2026-05-29,3,752.0,2.415,2.4,2.43,745.6400146484375,1784,0.1299525482177734,0.04,0.013
SPY,2026-05-25,2026-05-29,3,753.0,2.075,2.06,2.09,745.6400146484375,1980,0.1283046154785156,0.04,0.013
SPY,2026-05-25,2026-05-29,3,754.0,1.77,1.76,1.78,745.6400146484375,2189,0.1266566827392578,0.04,0.013
SPY,2026-05-25,2026-05-29,3,755.0,1.5,1.49,1.51,745.6400146484375,7299,0.1253139227294922,0.04,0.013
SPY,2026-05-25,2026-05-29,3,756.0,1.26,1.25,1.27,745.6400146484375,2956,0.12397116271972657,0.04,0.013
SPY,2026-05-25,2026-05-29,3,757.0,1.05,1.04,1.06,745.6400146484375,4860,0.12268943725585937,0.04,0.013
SPY,2026-05-25,2026-05-29,3,758.0,0.87,0.86,0.88,745.6400146484375,1623,0.1215908154296875,0.04,0.013
SPY,2026-05-25,2026-05-29,3,759.0,0.715,0.71,0.72,745.6400146484375,2691,0.12037012451171875,0.04,0.013
SPY,2026-05-25,2026-05-29,3,760.0,0.58,0.57,0.59,745.6400146484375,10008,0.11951564086914063,0.04,0.013
SPY,2026-05-25,2026-05-29,3,761.0,0.47,0.46,0.48,745.6400146484375,1400,0.11878322631835936,0.04,0.013
SPY,2026-05-25,2026-05-29,3,762.0,0.38,0.37,0.39,745.6400146484375,2598,0.118172880859375,0.04,0.013
SPY,2026-05-25,2026-05-29,3,763.0,0.305,0.3,0.31,745.6400146484375,1537,0.11731839721679688,0.04,0.013
SPY,2026-05-25,2026-05-29,3,764.0,0.245,0.24,0.25,745.6400146484375,929,0.11695218994140624,0.04,0.013
SPY,2026-05-25,2026-05-29,3,765.0,0.20500000000000002,0.2,0.21,745.6400146484375,2703,0.1176846044921875,0.04,0.013
SPY,2026-05-25,2026-05-29,3,766.0,0.165,0.16,0.17,745.6400146484375,1290,0.11792874267578124,0.04,0.013
SPY,2026-05-25,2026-05-29,3,767.0,0.135,0.13,0.14,745.6400146484375,1025,0.11841701904296875,0.04,0.013
SPY,2026-05-25,2026-05-29,3,768.0,0.10500000000000001,0.1,0.11,745.6400146484375,1116,0.11792874267578124,0.04,0.013
SPY,2026-05-25,2026-05-29,3,769.0,0.095,0.09,0.1,745.6400146484375,966,0.1206142626953125,0.04,0.013
SPY,2026-05-25,2026-05-29,3,770.0,0.07500000000000001,0.07,0.08,745.6400146484375,2764,0.1206142626953125,0.04,0.013
SPY,2026-05-25,2026-05-29,3,771.0,0.065,0.06,0.07,745.6400146484375,261,0.12207909179687501,0.04,0.013
SPY,2026-05-25,2026-05-29,3,772.0,0.065,0.06,0.07,745.6400146484375,192,0.12647357910156248,0.04,0.013
SPY,2026-05-25,2026-05-29,3,773.0,0.055,0.05,0.06,745.6400146484375,264,0.1274501318359375,0.04,0.013
SPY,2026-05-25,2026-05-29,3,774.0,0.045,0.04,0.05,745.6400146484375,313,0.12842668457031248,0.04,0.013
SPY,2026-05-25,2026-05-29,3,775.0,0.045,0.04,0.05,745.6400146484375,2705,0.131844619140625,0.04,0.013
SPY,2026-05-25,2026-05-29,3,780.0,0.025,0.02,0.03,745.6400146484375,1618,0.141610146484375,0.04,0.013
SPY,2026-05-25,2026-05-29,3,785.0,0.025,0.02,0.03,745.6400146484375,437,0.159188095703125,0.04,0.013
SPY,2026-05-25,2026-05-29,3,790.0,0.015,0.01,0.02,745.6400146484375,3455,0.16993017578125003,0.04,0.013
SPY,2026-05-25,2026-05-29,3,795.0,0.015,0.01,0.02,745.6400146484375,54,0.18555501953124998,0.04,0.013
SPY,2026-05-25,2026-05-29,3,800.0,0.015,0.01,0.02,745.6400146484375,501,0.20117986328124998,0.04,0.013
SPY,2026-05-25,2026-05-29,3,805.0,0.015,0.01,0.02,745.6400146484375,287,0.21875781249999998,0.04,0.013
SPY,2026-05-25,2026-05-29,3,810.0,0.01,0.0,0.01,745.6400146484375,504,0.21875781249999998,0.04,0.013
SPY,2026-05-25,2026-05-29,3,815.0,0.01,0.0,0.01,745.6400146484375,139,0.23438265625,0.04,0.013
SPY,2026-05-25,2026-05-29,3,820.0,0.015,0.01,0.02,745.6400146484375,2,0.26563234375,0.04,0.013
SPY,2026-05-25,2026-05-29,3,825.0,0.02,0.0,0.01,745.6400146484375,1,0.2617261328125,0.04,0.013
SPY,2026-05-25,2026-05-29,3,830.0,0.01,0.0,0.01,745.6400146484375,1823,0.27735097656249996,0.04,0.013
SPY,2026-05-25,2026-05-29,3,835.0,0.01,0.0,0.01,745.6400146484375,1,0.2890696093749999,0.04,0.013
SPY,2026-05-25,2026-05-29,3,840.0,0.01,0.0,0.01,745.6400146484375,26,0.304694453125,0.04,0.013
SPY,2026-05-25,2026-05-29,3,845.0,0.01,0.0,0.01,745.6400146484375,725,0.32031929687499994,0.04,0.013
SPY,2026-05-25,2026-05-29,3,850.0,0.01,0.0,0.01,745.6400146484375,7362,0.3320379296875,0.04,0.013
SPY,2026-05-25,2026-05-29,3,855.0,0.01,0.0,0.01,745.6400146484375,1,0.3437565625,0.04,0.013
SPY,2026-05-25,2026-05-29,3,860.0,0.01,0.0,0.01,745.6400146484375,14,0.35938140625,0.04,0.013
SPY,2026-05-25,2026-05-29,3,865.0,0.01,0.0,0.01,745.6400146484375,1,0.37500625,0.04,0.013
SPY,2026-05-25,2026-05-29,3,870.0,0.01,0.0,0.01,745.6400146484375,116,0.38281867187499996,0.04,0.013
SPY,2026-05-25,2026-05-29,3,875.0,0.01,0.0,0.01,745.6400146484375,701,0.398443515625,0.04,0.013
SPY,2026-05-25,2026-05-29,3,880.0,0.01,0.0,0.01,745.6400146484375,38,0.414068359375,0.04,0.013
SPY,2026-05-25,2026-05-29,3,885.0,0.01,0.0,0.01,745.6400146484375,1,0.42188078125,0.04,0.013
SPY,2026-05-25,2026-05-29,3,890.0,0.01,0.0,0.01,745.6400146484375,1301,0.437505625,0.04,0.013
SPY,2026-05-25,2026-05-29,3,895.0,0.01,0.0,0.01,745.6400146484375,7,0.45313046875,0.04,0.013
SPY,2026-05-25,2026-05-29,3,900.0,0.01,0.0,0.01,745.6400146484375,10,0.46094289062500005,0.04,0.013
SPY,2026-05-25,2026-06-01,6,540.0,206.39499999999998,205.0,207.79,745.6400146484375,0,1.0053760668945313,0.04,0.013
SPY,2026-05-25,2026-06-01,6,600.0,146.46,145.06,147.86,745.6400146484375,1,0.7246121289062499,0.04,0.013
SPY,2026-05-25,2026-06-01,6,660.0,86.575,85.17,87.98,745.6400146484375,2,0.5609174768066407,0.04,0.013
SPY,2026-05-25,2026-06-01,6,670.0,76.605,75.2,78.01,745.6400146484375,6,0.5090381127929688,0.04,0.013
SPY,2026-05-25,2026-06-01,6,675.0,71.62,70.22,73.02,745.6400146484375,2,0.4826711889648438,0.04,0.013
SPY,2026-05-25,2026-06-01,6,680.0,66.64,65.24,68.04,745.6400146484375,1,0.45667047241210945,0.04,0.013
SPY,2026-05-25,2026-06-01,6,690.0,56.695,55.3,58.09,745.6400146484375,15,0.40454697021484376,0.04,0.013
SPY,2026-05-25,2026-06-01,6,695.0,51.745000000000005,50.34,53.15,745.6400146484375,2,0.37964487548828124,0.04,0.013
SPY,2026-05-25,2026-06-01,6,696.0,50.754999999999995,49.35,52.16,745.6400146484375,0,0.3745179736328125,0.04,0.013
SPY,2026-05-25,2026-06-01,6,699.0,47.785,46.38,49.19,745.6400146484375,1,0.3590151989746094,0.04,0.013
SPY,2026-05-25,2026-06-01,6,700.0,46.795,45.4,48.19,745.6400146484375,1,0.3534000207519531,0.04,0.013
SPY,2026-05-25,2026-06-01,6,701.0,45.805,44.41,47.2,745.6400146484375,6,0.3481510498046875,0.04,0.013
SPY,2026-05-25,2026-06-01,6,702.0,44.825,43.42,46.23,745.6400146484375,0,0.3437565625,0.04,0.013
SPY,2026-05-25,2026-06-01,6,705.0,41.864999999999995,40.47,43.26,745.6400146484375,2,0.32782654602050776,0.04,0.013
SPY,2026-05-25,2026-06-01,6,706.0,40.885000000000005,39.49,42.28,745.6400146484375,0,0.3228827478027343,0.04,0.013
SPY,2026-05-25,2026-06-01,6,710.0,36.96,35.56,38.36,745.6400146484375,7,0.30274134765625,0.04,0.013
SPY,2026-05-25,2026-06-01,6,712.0,35.01,33.61,36.41,745.6400146484375,1,0.29279271667480455,0.04,0.013
SPY,2026-05-25,2026-06-01,6,713.0,34.04,32.64,35.44,745.6400146484375,0,0.28790995300292954,0.04,0.013
SPY,2026-05-25,2026-06-01,6,715.0,32.105000000000004,30.71,33.5,745.6400146484375,2,0.27802235656738283,0.04,0.013
SPY,2026-05-25,2026-06-01,6,716.0,31.14,29.74,32.54,745.6400146484375,0,0.2733837310791015,0.04,0.013
SPY,2026-05-25,2026-06-01,6,717.0,30.18,28.78,31.58,745.6400146484375,7,0.2686230364990234,0.04,0.013
SPY,2026-05-25,2026-06-01,6,718.0,29.225,27.82,30.63,745.6400146484375,0,0.26416751464843746,0.04,0.013
SPY,2026-05-25,2026-06-01,6,719.0,28.265,26.87,29.66,745.6400146484375,6,0.25891854370117195,0.04,0.013
SPY,2026-05-25,2026-06-01,6,720.0,27.310000000000002,25.91,28.71,745.6400146484375,5,0.2543409527587891,0.04,0.013
SPY,2026-05-25,2026-06-01,6,721.0,26.365000000000002,24.97,27.76,745.6400146484375,18,0.24958025817871093,0.04,0.013
SPY,2026-05-25,2026-06-01,6,722.0,25.42,24.02,26.82,745.6400146484375,16,0.245124736328125,0.04,0.013
SPY,2026-05-25,2026-06-01,6,723.0,24.985,24.09,25.88,745.6400146484375,28,0.24054714538574218,0.04,0.013
SPY,2026-05-25,2026-06-01,6,724.0,24.065,23.17,24.96,745.6400146484375,385,0.23645783081054686,0.04,0.013
SPY,2026-05-25,2026-06-01,6,725.0,22.595,22.31,22.88,745.6400146484375,658,0.19654123779296873,0.04,0.013
SPY,2026-05-25,2026-06-01,6,726.0,21.67,21.43,21.91,745.6400146484375,673,0.19135330139160156,0.04,0.013
SPY,2026-05-25,2026-06-01,6,727.0,20.75,20.51,20.99,745.6400146484375,437,0.1876912286376953,0.04,0.013
SPY,2026-05-25,2026-06-01,6,728.0,19.85,19.62,20.08,745.6400146484375,4,0.18421225952148437,0.04,0.013
SPY,2026-05-25,2026-06-01,6,729.0,18.97,18.76,19.18,745.6400146484375,17,0.18079432495117187,0.04,0.013
SPY,2026-05-25,2026-06-01,6,730.0,18.065,17.85,18.28,745.6400146484375,40,0.17719328674316404,0.04,0.013
SPY,2026-05-25,2026-06-01,6,731.0,17.185000000000002,16.98,17.39,745.6400146484375,6,0.17371431762695314,0.04,0.013
SPY,2026-05-25,2026-06-01,6,732.0,16.325,16.11,16.54,745.6400146484375,0,0.17108983215332033,0.04,0.013
SPY,2026-05-25,2026-06-01,6,733.0,15.475,15.27,15.68,745.6400146484375,2,0.16797707031250003,0.04,0.013
SPY,2026-05-25,2026-06-01,6,734.0,14.61,14.42,14.8,745.6400146484375,56,0.16407085937500002,0.04,0.013
SPY,2026-05-25,2026-06-01,6,735.0,13.8,13.6,14.0,745.6400146484375,344,0.1619346502685547,0.04,0.013
SPY,2026-05-25,2026-06-01,6,736.0,12.975000000000001,12.8,13.15,745.6400146484375,37,0.15827257751464846,0.04,0.013
SPY,2026-05-25,2026-06-01,6,737.0,12.184999999999999,12.0,12.37,745.6400146484375,174,0.15598378204345703,0.04,0.013
SPY,2026-05-25,2026-06-01,6,738.0,11.41,11.24,11.58,745.6400146484375,335,0.15314567565917972,0.04,0.013
SPY,2026-05-25,2026-06-01,6,739.0,10.629999999999999,10.45,10.81,745.6400146484375,171,0.15039912109375003,0.04,0.013
SPY,2026-05-25,2026-06-01,6,740.0,9.89,9.73,10.05,745.6400146484375,217,0.14749998016357424,0.04,0.013
SPY,2026-05-25,2026-06-01,6,741.0,9.114999999999998,9.03,9.2,745.6400146484375,77,0.14222049194335937,0.04,0.013
SPY,2026-05-25,2026-06-01,6,742.0,8.465,8.31,8.62,745.6400146484375,130,0.14252566467285155,0.04,0.013
SPY,2026-05-25,2026-06-01,6,743.0,7.785,7.64,7.93,745.6400146484375,122,0.13990117919921874,0.04,0.013
SPY,2026-05-25,2026-06-01,6,744.0,7.135,6.99,7.28,745.6400146484375,216,0.13770393554687502,0.04,0.013
SPY,2026-05-25,2026-06-01,6,745.0,6.539999999999999,6.52,6.56,745.6400146484375,1083,0.13352306915283202,0.04,0.013
SPY,2026-05-25,2026-06-01,6,746.0,5.945,5.93,5.96,745.6400146484375,871,0.1313563427734375,0.04,0.013
SPY,2026-05-25,2026-06-01,6,747.0,5.385,5.37,5.4,745.6400146484375,1252,0.12952530639648438,0.04,0.013
SPY,2026-05-25,2026-06-01,6,748.0,4.85,4.83,4.87,745.6400146484375,6224,0.1277247872924805,0.04,0.013
SPY,2026-05-25,2026-06-01,6,749.0,4.345000000000001,4.33,4.36,745.6400146484375,825,0.12574116455078127,0.04,0.013
SPY,2026-05-25,2026-06-01,6,750.0,3.885,3.87,3.9,745.6400146484375,1788,0.12427633544921876,0.04,0.013
SPY,2026-05-25,2026-06-01,6,751.0,3.4450000000000003,3.43,3.46,745.6400146484375,503,0.12256736816406251,0.04,0.013
SPY,2026-05-25,2026-06-01,6,752.0,3.045,3.03,3.06,745.6400146484375,528,0.12113305633544921,0.04,0.013
SPY,2026-05-25,2026-06-01,6,753.0,2.675,2.66,2.69,745.6400146484375,4679,0.11969874450683593,0.04,0.013
SPY,2026-05-25,2026-06-01,6,754.0,2.335,2.32,2.35,745.6400146484375,580,0.1183254672241211,0.04,0.013
SPY,2026-05-25,2026-06-01,6,755.0,2.0300000000000002,2.02,2.04,745.6400146484375,1505,0.11695218994140624,0.04,0.013
SPY,2026-05-25,2026-06-01,6,756.0,1.755,1.74,1.77,745.6400146484375,782,0.11597563720703125,0.04,0.013
SPY,2026-05-25,2026-06-01,6,757.0,1.51,1.5,1.52,745.6400146484375,762,0.11481598083496095,0.04,0.013
SPY,2026-05-25,2026-06-01,6,758.0,1.29,1.28,1.3,745.6400146484375,233,0.1137783935546875,0.04,0.013
SPY,2026-05-25,2026-06-01,6,759.0,1.09,1.08,1.1,745.6400146484375,272,0.11261873718261718,0.04,0.013
SPY,2026-05-25,2026-06-01,6,760.0,0.92,0.91,0.93,745.6400146484375,1338,0.11176425354003905,0.04,0.013
SPY,2026-05-25,2026-06-01,6,761.0,0.77,0.76,0.78,745.6400146484375,250,0.11084873535156249,0.04,0.013
SPY,2026-05-25,2026-06-01,6,762.0,0.645,0.64,0.65,745.6400146484375,172,0.10999425170898436,0.04,0.013
SPY,2026-05-25,2026-06-01,6,763.0,0.53,0.52,0.54,745.6400146484375,491,0.10926183715820312,0.04,0.013
SPY,2026-05-25,2026-06-01,6,764.0,0.44,0.43,0.45,745.6400146484375,1069,0.1088956298828125,0.04,0.013
SPY,2026-05-25,2026-06-01,6,765.0,0.365,0.36,0.37,745.6400146484375,261,0.10828528442382812,0.04,0.013
SPY,2026-05-25,2026-06-01,6,766.0,0.3,0.29,0.31,745.6400146484375,377,0.10828528442382812,0.04,0.013
SPY,2026-05-25,2026-06-01,6,767.0,0.245,0.24,0.25,745.6400146484375,254,0.10755286987304688,0.04,0.013
SPY,2026-05-25,2026-06-01,6,768.0,0.20500000000000002,0.2,0.21,745.6400146484375,1229,0.1079190771484375,0.04,0.013
SPY,2026-05-25,2026-06-01,6,769.0,0.165,0.16,0.17,745.6400146484375,11,0.10743080078125,0.04,0.013
SPY,2026-05-25,2026-06-01,6,770.0,0.135,0.13,0.14,745.6400146484375,187,0.10743080078125,0.04,0.013
SPY,2026-05-25,2026-06-01,6,771.0,0.11499999999999999,0.11,0.12,745.6400146484375,94,0.108407353515625,0.04,0.013
SPY,2026-05-25,2026-06-01,6,772.0,0.095,0.09,0.1,745.6400146484375,32,0.10865149169921876,0.04,0.013
SPY,2026-05-25,2026-06-01,6,773.0,0.08499999999999999,0.08,0.09,745.6400146484375,1,0.11036045898437499,0.04,0.013
SPY,2026-05-25,2026-06-01,6,774.0,0.07500000000000001,0.07,0.08,745.6400146484375,3,0.11182528808593749,0.04,0.013
SPY,2026-05-25,2026-06-01,6,775.0,0.065,0.06,0.07,745.6400146484375,117,0.1128018408203125,0.04,0.013
SPY,2026-05-25,2026-06-01,6,776.0,0.055,0.05,0.06,745.6400146484375,14,0.1137783935546875,0.04,0.013
SPY,2026-05-25,2026-06-01,6,777.0,0.045,0.04,0.05,745.6400146484375,5,0.11426666992187501,0.04,0.013
SPY,2026-05-25,2026-06-01,6,778.0,0.045,0.04,0.05,745.6400146484375,40,0.117196328125,0.04,0.013
SPY,2026-05-25,2026-06-01,6,779.0,0.045,0.04,0.05,745.6400146484375,106,0.12012598632812499,0.04,0.013
SPY,2026-05-25,2026-06-01,6,780.0,0.035,0.03,0.04,745.6400146484375,254,0.12012598632812499,0.04,0.013
SPY,2026-05-25,2026-06-01,6,785.0,0.025,0.02,0.03,745.6400146484375,122,0.129891513671875,0.04,0.013
SPY,2026-05-25,2026-06-01,6,790.0,0.025,0.02,0.03,745.6400146484375,504,0.1445398046875,0.04,0.013
SPY,2026-05-25,2026-06-01,6,795.0,0.015,0.01,0.02,745.6400146484375,114,0.15235222656250003,0.04,0.013
SPY,2026-05-25,2026-06-01,6,800.0,0.015,0.01,0.02,745.6400146484375,143,0.16407085937500002,0.04,0.013
SPY,2026-05-25,2026-06-01,6,805.0,0.015,0.01,0.02,745.6400146484375,33,0.17774259765625,0.04,0.013
SPY,2026-05-25,2026-06-01,6,810.0,0.015,0.01,0.02,745.6400146484375,86,0.1914143359375,0.04,0.013
SPY,2026-05-25,2026-06-01,6,815.0,0.015,0.01,0.02,745.6400146484375,104,0.20313296874999998,0.04,0.013
SPY,2026-05-25,2026-06-01,6,820.0,0.015,0.01,0.02,745.6400146484375,3,0.21680470703125,0.04,0.013
SPY,2026-05-25,2026-06-01,6,830.0,0.02,0.0,0.01,745.6400146484375,0,0.22657023437499998,0.04,0.013
SPY,2026-05-25,2026-06-01,6,835.0,0.01,0.0,0.01,745.6400146484375,0,0.23828886718749998,0.04,0.013
SPY,2026-05-25,2026-06-01,6,840.0,0.01,0.0,0.01,745.6400146484375,0,0.2500075,0.04,0.013
SPY,2026-05-25,2026-06-01,6,950.0,0.01,0.0,0.01,745.6400146484375,0,0.476567734375,0.04,0.013
SPY,2026-05-25,2026-06-02,7,660.0,86.66499999999999,85.26,88.07,745.6400146484375,4,0.5371140039062501,0.04,0.013
SPY,2026-05-25,2026-06-02,7,670.0,76.69999999999999,75.3,78.1,745.6400146484375,0,0.4875539526367188,0.04,0.013
SPY,2026-05-25,2026-06-02,7,675.0,71.72999999999999,70.33,73.13,745.6400146484375,0,0.4633842724609375,0.04,0.013
SPY,2026-05-25,2026-06-02,7,685.0,61.78,60.38,63.18,745.6400146484375,0,0.41394629028320307,0.04,0.013
SPY,2026-05-25,2026-06-02,7,696.0,50.885000000000005,49.49,52.28,745.6400146484375,0,0.36023588989257804,0.04,0.013
SPY,2026-05-25,2026-06-02,7,700.0,46.94,45.54,48.34,745.6400146484375,0,0.3411931115722656,0.04,0.013
SPY,2026-05-25,2026-06-02,7,710.0,37.14,35.74,38.54,745.6400146484375,0,0.2934640966796874,0.04,0.013
SPY,2026-05-25,2026-06-02,7,712.0,35.2,33.8,36.6,745.6400146484375,1,0.2841868457031249,0.04,0.013
SPY,2026-05-25,2026-06-02,7,714.0,33.27,31.87,34.67,745.6400146484375,2,0.27509269836425776,0.04,0.013
SPY,2026-05-25,2026-06-02,7,715.0,32.315,30.91,33.72,745.6400146484375,2,0.27094234924316407,0.04,0.013
SPY,2026-05-25,2026-06-02,7,719.0,28.505000000000003,27.1,29.91,745.6400146484375,4,0.2533033654785156,0.04,0.013
SPY,2026-05-25,2026-06-02,7,720.0,27.549999999999997,26.15,28.95,745.6400146484375,5,0.24848163635253906,0.04,0.013
SPY,2026-05-25,2026-06-02,7,721.0,27.12,26.23,28.01,745.6400146484375,4,0.24414818359375,0.04,0.013
SPY,2026-05-25,2026-06-02,7,723.0,24.75,23.36,26.14,745.6400146484375,4,0.2356033471679687,0.04,0.013
SPY,2026-05-25,2026-06-02,7,724.0,23.795,23.53,24.06,745.6400146484375,4,0.19782296325683596,0.04,0.013
SPY,2026-05-25,2026-06-02,7,725.0,22.88,22.63,23.13,745.6400146484375,13,0.19409985595703128,0.04,0.013
SPY,2026-05-25,2026-06-02,7,727.0,21.07,20.82,21.32,745.6400146484375,85,0.1876912286376953,0.04,0.013
SPY,2026-05-25,2026-06-02,7,728.0,20.185000000000002,19.95,20.42,745.6400146484375,5,0.18439536315917968,0.04,0.013
SPY,2026-05-25,2026-06-02,7,729.0,19.295,19.08,19.51,745.6400146484375,6,0.180672255859375,0.04,0.013
SPY,2026-05-25,2026-06-02,7,730.0,18.41,18.19,18.63,745.6400146484375,26,0.1775594940185547,0.04,0.013
SPY,2026-05-25,2026-06-02,7,731.0,17.549999999999997,17.33,17.77,745.6400146484375,0,0.174812939453125,0.04,0.013
SPY,2026-05-25,2026-06-02,7,732.0,16.675,16.43,16.92,745.6400146484375,0,0.17206638488769532,0.04,0.013
SPY,2026-05-25,2026-06-02,7,733.0,15.84,15.64,16.04,745.6400146484375,4,0.16834327758789067,0.04,0.013
SPY,2026-05-25,2026-06-02,7,734.0,15.015,14.83,15.2,745.6400146484375,8,0.16541361938476565,0.04,0.013
SPY,2026-05-25,2026-06-02,7,735.0,14.2,14.02,14.38,745.6400146484375,19,0.16266706481933596,0.04,0.013
SPY,2026-05-25,2026-06-02,7,736.0,13.385000000000002,13.22,13.55,745.6400146484375,64,0.15943223388671873,0.04,0.013
SPY,2026-05-25,2026-06-02,7,737.0,12.59,12.4,12.78,745.6400146484375,11,0.15729602478027344,0.04,0.013
SPY,2026-05-25,2026-06-02,7,738.0,11.809999999999999,11.61,12.01,745.6400146484375,59,0.15485464294433599,0.04,0.013
SPY,2026-05-25,2026-06-02,7,739.0,11.07,10.9,11.24,745.6400146484375,991,0.15204705383300782,0.04,0.013
SPY,2026-05-25,2026-06-02,7,740.0,10.3,10.16,10.44,745.6400146484375,528,0.1482934292602539,0.04,0.013
SPY,2026-05-25,2026-06-02,7,741.0,9.620000000000001,9.46,9.78,745.6400146484375,117,0.1471642901611328,0.04,0.013
SPY,2026-05-25,2026-06-02,7,742.0,8.905000000000001,8.74,9.07,745.6400146484375,161,0.14457032196044922,0.04,0.013
SPY,2026-05-25,2026-06-02,7,743.0,8.24,8.08,8.4,745.6400146484375,74,0.1424035955810547,0.04,0.013
SPY,2026-05-25,2026-06-02,7,744.0,7.59,7.44,7.74,745.6400146484375,195,0.14005376556396482,0.04,0.013
SPY,2026-05-25,2026-06-02,7,745.0,7.0,6.98,7.02,745.6400146484375,331,0.13602548553466798,0.04,0.013
SPY,2026-05-25,2026-06-02,7,746.0,6.4,6.38,6.42,745.6400146484375,333,0.1339808282470703,0.04,0.013
SPY,2026-05-25,2026-06-02,7,747.0,5.84,5.82,5.86,745.6400146484375,614,0.13221082641601564,0.04,0.013
SPY,2026-05-25,2026-06-02,7,748.0,5.300000000000001,5.28,5.32,745.6400146484375,709,0.13037979003906247,0.04,0.013
SPY,2026-05-25,2026-06-02,7,749.0,4.789999999999999,4.77,4.81,745.6400146484375,363,0.128640305480957,0.04,0.013
SPY,2026-05-25,2026-06-02,7,750.0,4.3149999999999995,4.3,4.33,745.6400146484375,541,0.12696185546875,0.04,0.013
SPY,2026-05-25,2026-06-02,7,751.0,3.865,3.85,3.88,745.6400146484375,418,0.12534444000244144,0.04,0.013
SPY,2026-05-25,2026-06-02,7,752.0,3.45,3.43,3.47,745.6400146484375,153,0.12400167999267578,0.04,0.013
SPY,2026-05-25,2026-06-02,7,753.0,3.065,3.05,3.08,745.6400146484375,242,0.12250633361816407,0.04,0.013
SPY,2026-05-25,2026-06-02,7,754.0,2.715,2.7,2.73,745.6400146484375,194,0.12131615997314452,0.04,0.013
SPY,2026-05-25,2026-06-02,7,755.0,2.385,2.37,2.4,745.6400146484375,474,0.11994288269042967,0.04,0.013
SPY,2026-05-25,2026-06-02,7,756.0,2.09,2.08,2.1,745.6400146484375,204,0.11872219177246093,0.04,0.013
SPY,2026-05-25,2026-06-02,7,757.0,1.8250000000000002,1.81,1.84,745.6400146484375,193,0.11780667358398436,0.04,0.013
SPY,2026-05-25,2026-06-02,7,758.0,1.58,1.57,1.59,745.6400146484375,118,0.11658598266601564,0.04,0.013
SPY,2026-05-25,2026-06-02,7,759.0,1.365,1.35,1.38,745.6400146484375,141,0.11579253356933594,0.04,0.013
SPY,2026-05-25,2026-06-02,7,760.0,1.17,1.16,1.18,745.6400146484375,129,0.11469391174316407,0.04,0.013
SPY,2026-05-25,2026-06-02,7,761.0,1.0,0.99,1.01,745.6400146484375,76,0.11390046264648437,0.04,0.013
SPY,2026-05-25,2026-06-02,7,762.0,0.85,0.84,0.86,745.6400146484375,13,0.1131070135498047,0.04,0.013
SPY,2026-05-25,2026-06-02,7,763.0,0.72,0.71,0.73,745.6400146484375,129,0.11243563354492186,0.04,0.013
SPY,2026-05-25,2026-06-02,7,764.0,0.6,0.59,0.61,745.6400146484375,167,0.11145908081054687,0.04,0.013
SPY,2026-05-25,2026-06-02,7,765.0,0.505,0.5,0.51,745.6400146484375,31,0.11072666625976563,0.04,0.013
SPY,2026-05-25,2026-06-02,7,766.0,0.42,0.41,0.43,745.6400146484375,207,0.11048252807617187,0.04,0.013
SPY,2026-05-25,2026-06-02,7,767.0,0.35,0.34,0.36,745.6400146484375,258,0.11011632080078124,0.04,0.013
SPY,2026-05-25,2026-06-02,7,768.0,0.295,0.29,0.3,745.6400146484375,8,0.10975011352539063,0.04,0.013
SPY,2026-05-25,2026-06-02,7,769.0,0.245,0.24,0.25,745.6400146484375,57,0.10950597534179687,0.04,0.013
SPY,2026-05-25,2026-06-02,7,770.0,0.20500000000000002,0.2,0.21,745.6400146484375,44,0.10962804443359375,0.04,0.013
SPY,2026-05-25,2026-06-02,7,771.0,0.16999999999999998,0.16,0.18,745.6400146484375,157,0.11011632080078124,0.04,0.013
SPY,2026-05-25,2026-06-02,7,772.0,0.14500000000000002,0.14,0.15,745.6400146484375,1,0.11011632080078124,0.04,0.013
SPY,2026-05-25,2026-06-02,7,773.0,0.125,0.12,0.13,745.6400146484375,251,0.11084873535156249,0.04,0.013
SPY,2026-05-25,2026-06-02,7,774.0,0.10500000000000001,0.1,0.11,745.6400146484375,317,0.11109287353515623,0.04,0.013
SPY,2026-05-25,2026-06-02,7,775.0,0.08499999999999999,0.08,0.09,745.6400146484375,32,0.11084873535156249,0.04,0.013
SPY,2026-05-25,2026-06-02,7,776.0,0.07500000000000001,0.07,0.08,745.6400146484375,5,0.11231356445312499,0.04,0.013
SPY,2026-05-25,2026-06-02,7,777.0,0.065,0.06,0.07,745.6400146484375,8,0.1132901171875,0.04,0.013
SPY,2026-05-25,2026-06-02,7,778.0,0.065,0.06,0.07,745.6400146484375,2,0.116219775390625,0.04,0.013
SPY,2026-05-25,2026-06-02,7,779.0,0.055,0.05,0.06,745.6400146484375,13,0.1167080517578125,0.04,0.013
SPY,2026-05-25,2026-06-02,7,780.0,0.045,0.04,0.05,745.6400146484375,315,0.117196328125,0.04,0.013
SPY,2026-05-25,2026-06-02,7,785.0,0.035,0.03,0.04,745.6400146484375,79,0.127938408203125,0.04,0.013
SPY,2026-05-25,2026-06-02,7,790.0,0.025,0.02,0.03,745.6400146484375,94,0.13672738281250002,0.04,0.013
SPY,2026-05-25,2026-06-02,7,795.0,0.025,0.02,0.03,745.6400146484375,122,0.15039912109375003,0.04,0.013
SPY,2026-05-25,2026-06-02,7,800.0,0.015,0.01,0.02,745.6400146484375,243,0.1562584375,0.04,0.013
SPY,2026-05-25,2026-06-02,7,805.0,0.015,0.01,0.02,745.6400146484375,0,0.16797707031250003,0.04,0.013
SPY,2026-05-25,2026-06-02,7,815.0,0.015,0.01,0.02,745.6400146484375,26,0.19336744140625,0.04,0.013
SPY,2026-05-25,2026-06-02,7,820.0,0.015,0.01,0.02,745.6400146484375,189,0.20508607421874997,0.04,0.013
SPY,2026-05-25,2026-06-02,7,825.0,0.015,0.01,0.02,745.6400146484375,3,0.21680470703125,0.04,0.013
SPY,2026-05-25,2026-06-02,7,840.0,0.01,0.0,0.01,745.6400146484375,1,0.23438265625,0.04,0.013
SPY,2026-05-25,2026-06-03,8,660.0,86.765,85.37,88.16,745.6400146484375,2,0.5168505346679688,0.04,0.013
SPY,2026-05-25,2026-06-03,8,680.0,66.87,65.47,68.27,745.6400146484375,0,0.4234676794433594,0.04,0.013
SPY,2026-05-25,2026-06-03,8,700.0,47.1,45.7,48.5,745.6400146484375,1,0.3311834460449219,0.04,0.013
SPY,2026-05-25,2026-06-03,8,705.0,42.21,40.81,43.61,745.6400146484375,0,0.30884480224609373,0.04,0.013
SPY,2026-05-25,2026-06-03,8,710.0,37.35,35.95,38.75,745.6400146484375,0,0.2866892620849609,0.04,0.013
SPY,2026-05-25,2026-06-03,8,712.0,35.42,34.02,36.82,745.6400146484375,0,0.2779613220214844,0.04,0.013
SPY,2026-05-25,2026-06-03,8,715.0,32.55,31.15,33.95,745.6400146484375,2,0.2652661364746094,0.04,0.013
SPY,2026-05-25,2026-06-03,8,719.0,28.775,27.37,30.18,745.6400146484375,1,0.24915301635742187,0.04,0.013
SPY,2026-05-25,2026-06-03,8,720.0,28.365000000000002,27.5,29.23,745.6400146484375,10,0.2447585290527344,0.04,0.013
SPY,2026-05-25,2026-06-03,8,725.0,23.225,22.97,23.48,745.6400146484375,2,0.19495433959960937,0.04,0.013
SPY,2026-05-25,2026-06-03,8,726.0,22.325,22.06,22.59,745.6400146484375,11,0.19214675048828128,0.04,0.013
SPY,2026-05-25,2026-06-03,8,730.0,18.79,18.55,19.03,745.6400146484375,0,0.17932949584960936,0.04,0.013
SPY,2026-05-25,2026-06-03,8,732.0,17.095,16.86,17.33,745.6400146484375,0,0.17383638671875,0.04,0.013
SPY,2026-05-25,2026-06-03,8,733.0,16.259999999999998,16.04,16.48,745.6400146484375,8,0.17078465942382814,0.04,0.013
SPY,2026-05-25,2026-06-03,8,734.0,15.45,15.2,15.7,745.6400146484375,31,0.1690756921386719,0.04,0.013
SPY,2026-05-25,2026-06-03,8,735.0,14.635,14.44,14.83,745.6400146484375,36,0.16510844665527347,0.04,0.013
SPY,2026-05-25,2026-06-03,8,736.0,13.825,13.62,14.03,745.6400146484375,1,0.16248396118164063,0.04,0.013
SPY,2026-05-25,2026-06-03,8,737.0,13.09,12.86,13.32,745.6400146484375,0,0.1615074084472656,0.04,0.013
SPY,2026-05-25,2026-06-03,8,738.0,12.27,12.07,12.47,745.6400146484375,16,0.15729602478027344,0.04,0.013
SPY,2026-05-25,2026-06-03,8,739.0,11.525,11.33,11.72,745.6400146484375,4,0.1548851602172852,0.04,0.013
SPY,2026-05-25,2026-06-03,8,740.0,10.815000000000001,10.67,10.96,745.6400146484375,52,0.1519555020141602,0.04,0.013
SPY,2026-05-25,2026-06-03,8,741.0,10.11,9.94,10.28,745.6400146484375,43,0.15033808654785158,0.04,0.013
SPY,2026-05-25,2026-06-03,8,742.0,9.415,9.25,9.58,745.6400146484375,4,0.14795773925781253,0.04,0.013
SPY,2026-05-25,2026-06-03,8,743.0,8.73,8.56,8.9,745.6400146484375,29,0.14557739196777342,0.04,0.013
SPY,2026-05-25,2026-06-03,8,744.0,8.135,7.95,8.32,745.6400146484375,8,0.14481446014404298,0.04,0.013
SPY,2026-05-25,2026-06-03,8,745.0,7.52,7.5,7.54,745.6400146484375,171,0.1397791101074219,0.04,0.013
SPY,2026-05-25,2026-06-03,8,746.0,6.92,6.9,6.94,745.6400146484375,237,0.13779548736572267,0.04,0.013
SPY,2026-05-25,2026-06-03,8,747.0,6.35,6.33,6.37,745.6400146484375,563,0.13596445098876953,0.04,0.013
SPY,2026-05-25,2026-06-03,8,748.0,5.8100000000000005,5.79,5.83,745.6400146484375,504,0.13428600097656251,0.04,0.013
SPY,2026-05-25,2026-06-03,8,749.0,5.295,5.28,5.31,745.6400146484375,381,0.13251599914550782,0.04,0.013
SPY,2026-05-25,2026-06-03,8,750.0,4.8100000000000005,4.79,4.83,745.6400146484375,741,0.1310511700439453,0.04,0.013
SPY,2026-05-25,2026-06-03,8,751.0,4.35,4.33,4.37,745.6400146484375,228,0.12949478912353518,0.04,0.013
SPY,2026-05-25,2026-06-03,8,752.0,3.92,3.9,3.94,745.6400146484375,135,0.12806047729492187,0.04,0.013
SPY,2026-05-25,2026-06-03,8,753.0,3.5149999999999997,3.5,3.53,745.6400146484375,386,0.12647357910156248,0.04,0.013
SPY,2026-05-25,2026-06-03,8,754.0,3.145,3.13,3.16,745.6400146484375,76,0.12522237091064453,0.04,0.013
SPY,2026-05-25,2026-06-03,8,755.0,2.8,2.78,2.82,745.6400146484375,493,0.12409323181152344,0.04,0.013
SPY,2026-05-25,2026-06-03,8,756.0,2.4850000000000003,2.47,2.5,745.6400146484375,395,0.12281150634765625,0.04,0.013
SPY,2026-05-25,2026-06-03,8,757.0,2.1950000000000003,2.18,2.21,745.6400146484375,200,0.12171288452148438,0.04,0.013
SPY,2026-05-25,2026-06-03,8,758.0,1.9249999999999998,1.91,1.94,745.6400146484375,301,0.12055322814941406,0.04,0.013
SPY,2026-05-25,2026-06-03,8,759.0,1.685,1.67,1.7,745.6400146484375,68,0.11957667541503905,0.04,0.013
SPY,2026-05-25,2026-06-03,8,760.0,1.475,1.46,1.49,745.6400146484375,388,0.11878322631835936,0.04,0.013
SPY,2026-05-25,2026-06-03,8,761.0,1.275,1.26,1.29,745.6400146484375,245,0.11774563903808594,0.04,0.013
SPY,2026-05-25,2026-06-03,8,762.0,1.105,1.09,1.12,745.6400146484375,385,0.11707425903320312,0.04,0.013
SPY,2026-05-25,2026-06-03,8,763.0,0.95,0.94,0.96,745.6400146484375,137,0.11609770629882812,0.04,0.013
SPY,2026-05-25,2026-06-03,8,764.0,0.815,0.8,0.83,745.6400146484375,386,0.11560942993164064,0.04,0.013
SPY,2026-05-25,2026-06-03,8,765.0,0.6950000000000001,0.68,0.71,745.6400146484375,200,0.11499908447265625,0.04,0.013
SPY,2026-05-25,2026-06-03,8,766.0,0.59,0.58,0.6,745.6400146484375,68,0.11414460083007813,0.04,0.013
SPY,2026-05-25,2026-06-03,8,767.0,0.5,0.49,0.51,745.6400146484375,6,0.11365632446289062,0.04,0.013
SPY,2026-05-25,2026-06-03,8,768.0,0.43,0.42,0.44,745.6400146484375,5,0.11365632446289062,0.04,0.013
SPY,2026-05-25,2026-06-03,8,769.0,0.36,0.35,0.37,745.6400146484375,14,0.11304597900390626,0.04,0.013
SPY,2026-05-25,2026-06-03,8,770.0,0.31,0.3,0.32,745.6400146484375,160,0.1132901171875,0.04,0.013
SPY,2026-05-25,2026-06-03,8,771.0,0.26,0.25,0.27,745.6400146484375,12,0.11304597900390626,0.04,0.013
SPY,2026-05-25,2026-06-03,8,772.0,0.22,0.21,0.23,745.6400146484375,2,0.11304597900390626,0.04,0.013
SPY,2026-05-25,2026-06-03,8,775.0,0.135,0.13,0.14,745.6400146484375,12,0.1132901171875,0.04,0.013
SPY,2026-05-25,2026-06-03,8,776.0,0.12,0.11,0.13,745.6400146484375,6,0.11499908447265625,0.04,0.013
SPY,2026-05-25,2026-06-03,8,778.0,0.095,0.09,0.1,745.6400146484375,1,0.1167080517578125,0.04,0.013
SPY,2026-05-25,2026-06-03,8,779.0,0.08499999999999999,0.08,0.09,745.6400146484375,4001,0.1176846044921875,0.04,0.013
SPY,2026-05-25,2026-06-03,8,780.0,0.07500000000000001,0.07,0.08,745.6400146484375,0,0.1186611572265625,0.04,0.013
SPY,2026-05-25,2026-06-03,8,785.0,0.045,0.04,0.05,745.6400146484375,58,0.12500875,0.04,0.013
SPY,2026-05-25,2026-06-03,8,790.0,0.035,0.03,0.04,745.6400146484375,2024,0.13477427734375003,0.04,0.013
SPY,2026-05-25,2026-06-03,8,795.0,0.025,0.02,0.03,745.6400146484375,154,0.143563251953125,0.04,0.013
SPY,2026-05-25,2026-06-03,8,800.0,0.025,0.02,0.03,745.6400146484375,19,0.15528188476562502,0.04,0.013
SPY,2026-05-25,2026-06-03,8,805.0,0.025,0.02,0.03,745.6400146484375,211,0.16797707031250003,0.04,0.013
SPY,2026-05-25,2026-06-03,8,810.0,0.015,0.01,0.02,745.6400146484375,37,0.17188328125000002,0.04,0.013
SPY,2026-05-25,2026-06-03,8,825.0,0.015,0.01,0.02,745.6400146484375,9,0.20703917968749996,0.04,0.013
SPY,2026-05-25,2026-06-03,8,830.0,0.015,0.01,0.02,745.6400146484375,168,0.21680470703125,0.04,0.013
SPY,2026-05-25,2026-06-03,8,835.0,0.015,0.01,0.02,745.6400146484375,37,0.22852333984375,0.04,0.013
SPY,2026-05-25,2026-06-03,8,840.0,0.015,0.01,0.02,745.6400146484375,218,0.24024197265624997,0.04,0.013
SPY,2026-05-25,2026-06-04,9,645.0,101.81,100.4,103.22,745.6400146484375,5,0.56836369140625,0.04,0.013
SPY,2026-05-25,2026-06-04,9,660.0,86.865,85.46,88.27,745.6400146484375,4,0.5002491381835938,0.04,0.013
SPY,2026-05-25,2026-06-04,9,675.0,71.94999999999999,70.55,73.35,745.6400146484375,0,0.4327449304199219,0.04,0.013
SPY,2026-05-25,2026-06-04,9,700.0,47.26,45.86,48.66,745.6400146484375,0,0.32263860961914054,0.04,0.013
SPY,2026-05-25,2026-06-04,9,705.0,42.394999999999996,40.99,43.8,745.6400146484375,2,0.30188686401367193,0.04,0.013
SPY,2026-05-25,2026-06-04,9,715.0,32.79,31.38,34.2,745.6400146484375,0,0.26105475280761714,0.04,0.013
SPY,2026-05-25,2026-06-04,9,720.0,28.105,26.7,29.51,745.6400146484375,3,0.24164576721191405,0.04,0.013
SPY,2026-05-25,2026-06-04,9,722.0,26.275,26.02,26.53,745.6400146484375,1,0.20441469421386715,0.04,0.013
SPY,2026-05-25,2026-06-04,9,725.0,23.549999999999997,23.33,23.77,745.6400146484375,2,0.19422192504882813,0.04,0.013
SPY,2026-05-25,2026-06-04,9,730.0,19.19,18.92,19.46,745.6400146484375,26,0.18170984313964844,0.04,0.013
SPY,2026-05-25,2026-06-04,9,731.0,18.34,18.07,18.61,745.6400146484375,25,0.17896328857421873,0.04,0.013
SPY,2026-05-25,2026-06-04,9,732.0,17.51,17.26,17.76,745.6400146484375,27,0.17603363037109376,0.04,0.013
SPY,2026-05-25,2026-06-04,9,733.0,16.66,16.44,16.88,745.6400146484375,1,0.17224948852539065,0.04,0.013
SPY,2026-05-25,2026-06-04,9,735.0,15.06,14.88,15.24,745.6400146484375,7,0.16672586212158208,0.04,0.013
SPY,2026-05-25,2026-06-04,9,736.0,14.274999999999999,14.03,14.52,745.6400146484375,8,0.1656882748413086,0.04,0.013
SPY,2026-05-25,2026-06-04,9,737.0,13.545,13.34,13.75,745.6400146484375,33,0.16333844482421878,0.04,0.013
SPY,2026-05-25,2026-06-04,9,739.0,11.995000000000001,11.84,12.15,745.6400146484375,16,0.1567161965942383,0.04,0.013
SPY,2026-05-25,2026-06-04,9,740.0,11.28,11.04,11.52,745.6400146484375,39,0.15631947204589847,0.04,0.013
SPY,2026-05-25,2026-06-04,9,742.0,9.91,9.66,10.16,745.6400146484375,2,0.15259636474609378,0.04,0.013
SPY,2026-05-25,2026-06-04,9,743.0,9.17,9.0,9.34,745.6400146484375,160,0.14765256652832032,0.04,0.013
SPY,2026-05-25,2026-06-04,9,744.0,8.54,8.36,8.72,745.6400146484375,36,0.14609618560791016,0.04,0.013
SPY,2026-05-25,2026-06-04,9,745.0,7.99,7.97,8.01,745.6400146484375,338,0.14252566467285155,0.04,0.013
SPY,2026-05-25,2026-06-04,9,746.0,7.390000000000001,7.37,7.41,745.6400146484375,19,0.14063359375,0.04,0.013
SPY,2026-05-25,2026-06-04,9,747.0,6.82,6.8,6.84,745.6400146484375,274,0.13892462646484377,0.04,0.013
SPY,2026-05-25,2026-06-04,9,748.0,6.27,6.25,6.29,745.6400146484375,375,0.13715462463378908,0.04,0.013
SPY,2026-05-25,2026-06-04,9,749.0,5.75,5.73,5.77,745.6400146484375,171,0.13553720916748052,0.04,0.013
SPY,2026-05-25,2026-06-04,9,750.0,5.26,5.24,5.28,745.6400146484375,222,0.13404186279296876,0.04,0.013
SPY,2026-05-25,2026-06-04,9,751.0,4.789999999999999,4.77,4.81,745.6400146484375,157,0.13251599914550782,0.04,0.013
SPY,2026-05-25,2026-06-04,9,752.0,4.345000000000001,4.33,4.36,745.6400146484375,36,0.1308985836791992,0.04,0.013
SPY,2026-05-25,2026-06-04,9,753.0,3.93,3.91,3.95,745.6400146484375,176,0.1295863409423828,0.04,0.013
SPY,2026-05-25,2026-06-04,9,754.0,3.545,3.53,3.56,745.6400146484375,82,0.12824358093261717,0.04,0.013
SPY,2026-05-25,2026-06-04,9,755.0,3.185,3.17,3.2,745.6400146484375,498,0.12696185546875,0.04,0.013
SPY,2026-05-25,2026-06-04,9,756.0,2.8449999999999998,2.83,2.86,745.6400146484375,324,0.12568013000488282,0.04,0.013
SPY,2026-05-25,2026-06-04,9,757.0,2.535,2.52,2.55,745.6400146484375,5,0.12448995635986329,0.04,0.013
SPY,2026-05-25,2026-06-04,9,758.0,2.255,2.24,2.27,745.6400146484375,166,0.1235134036254883,0.04,0.013
SPY,2026-05-25,2026-06-04,9,759.0,1.9949999999999999,1.98,2.01,745.6400146484375,58,0.12250633361816407,0.04,0.013
SPY,2026-05-25,2026-06-04,9,760.0,1.76,1.75,1.77,745.6400146484375,152,0.12140771179199218,0.04,0.013
SPY,2026-05-25,2026-06-04,9,761.0,1.545,1.53,1.56,745.6400146484375,80,0.1206142626953125,0.04,0.013
SPY,2026-05-25,2026-06-04,9,762.0,1.355,1.34,1.37,745.6400146484375,5,0.11988184814453123,0.04,0.013
SPY,2026-05-25,2026-06-04,9,763.0,1.18,1.17,1.19,745.6400146484375,290,0.11890529541015624,0.04,0.013
SPY,2026-05-25,2026-06-04,9,764.0,1.025,1.01,1.04,745.6400146484375,7,0.11835598449707031,0.04,0.013
SPY,2026-05-25,2026-06-04,9,765.0,0.89,0.88,0.9,745.6400146484375,68,0.11762356994628906,0.04,0.013
SPY,2026-05-25,2026-06-04,9,766.0,0.77,0.76,0.78,745.6400146484375,8,0.11707425903320312,0.04,0.013
SPY,2026-05-25,2026-06-04,9,767.0,0.66,0.65,0.67,745.6400146484375,77,0.11640287902832032,0.04,0.013
SPY,2026-05-25,2026-06-04,9,768.0,0.5700000000000001,0.56,0.58,745.6400146484375,2,0.11609770629882812,0.04,0.013
SPY,2026-05-25,2026-06-04,9,769.0,0.49,0.48,0.5,745.6400146484375,79,0.11585356811523437,0.04,0.013
SPY,2026-05-25,2026-06-04,9,770.0,0.42,0.41,0.43,745.6400146484375,26,0.11548736083984376,0.04,0.013
SPY,2026-05-25,2026-06-04,9,771.0,0.36,0.35,0.37,745.6400146484375,50,0.11536529174804688,0.04,0.013
SPY,2026-05-25,2026-06-04,9,772.0,0.31,0.3,0.32,745.6400146484375,49,0.11548736083984376,0.04,0.013
SPY,2026-05-25,2026-06-04,9,773.0,0.27,0.26,0.28,745.6400146484375,17,0.1157314990234375,0.04,0.013
SPY,2026-05-25,2026-06-04,9,775.0,0.2,0.19,0.21,745.6400146484375,14,0.116219775390625,0.04,0.013
SPY,2026-05-25,2026-06-04,9,776.0,0.175,0.17,0.18,745.6400146484375,1,0.116219775390625,0.04,0.013
SPY,2026-05-25,2026-06-04,9,777.0,0.15000000000000002,0.14,0.16,745.6400146484375,13,0.11695218994140624,0.04,0.013
SPY,2026-05-25,2026-06-04,9,780.0,0.10500000000000001,0.1,0.11,745.6400146484375,1,0.11890529541015624,0.04,0.013
SPY,2026-05-25,2026-06-04,9,785.0,0.065,0.06,0.07,745.6400146484375,72,0.12500875,0.04,0.013
SPY,2026-05-25,2026-06-04,9,790.0,0.045,0.04,0.05,745.6400146484375,27,0.132821171875,0.04,0.013
SPY,2026-05-25,2026-06-04,9,795.0,0.035,0.03,0.04,745.6400146484375,13,0.141610146484375,0.04,0.013
SPY,2026-05-25,2026-06-04,9,800.0,0.025,0.02,0.03,745.6400146484375,167,0.148446015625,0.04,0.013
SPY,2026-05-25,2026-06-04,9,805.0,0.025,0.02,0.03,745.6400146484375,3,0.1601646484375,0.04,0.013
SPY,2026-05-25,2026-06-04,9,810.0,0.025,0.02,0.03,745.6400146484375,11,0.17188328125000002,0.04,0.013
SPY,2026-05-25,2026-06-04,9,815.0,0.02,0.01,0.03,745.6400146484375,255,0.18360191406249998,0.04,0.013
SPY,2026-05-25,2026-06-04,9,820.0,0.015,0.01,0.02,745.6400146484375,30,0.187508125,0.04,0.013
SPY,2026-05-25,2026-06-04,9,835.0,0.015,0.01,0.02,745.6400146484375,53,0.21875781249999998,0.04,0.013
SPY,2026-05-25,2026-06-04,9,840.0,0.015,0.01,0.02,745.6400146484375,88,0.22852333984375,0.04,0.013
SPY,2026-05-25,2026-06-04,9,845.0,0.015,0.01,0.02,745.6400146484375,22,0.24024197265624997,0.04,0.013
